rank,pos,s_protein_pos,construct_pos,wt,mut,esm_score,ddg,alignment_column,msa_depth,msa_observed,msa_consensus,wt_frequency,mut_frequency,position_entropy,conservation_score_raw,conservation_penalty,conservation_mode,asa,rsa,surface_class,accessibility_penalty,pdb_residue,in_mhr,in_major_epitope,in_antibody_contact,wt_mhci_score,mut_mhci_score,mhci_delta,wt_mhci_allele,mut_mhci_allele,wt_mhci_peptide,mut_mhci_peptide,wt_mhcii_score,mut_mhcii_score,mhcii_delta,wt_mhcii_peptide,mut_mhcii_peptide,wt_tcell_epitope_score,mut_tcell_epitope_score,tcell_epitope_delta,wt_bcell_antigenicity,mut_bcell_antigenicity,bcell_antigenicity_delta,tcell_penalty,bcell_penalty,epitope_penalty,epitope_prediction_mode,bonding_penalty,interface_penalty,structural_context_penalty,structural_flags,expression_penalty,solubility_score,gravy_score,gravy_delta,charge_score,charge_delta,proteolytic_score,codon_score,cys_score,mutation,stability_score,solubility_norm,conservation_score,epitope_preservation_score,accessibility_score,structural_context_score,expression_score,final_score,confidence_score,flags,recommendation
5,194,195,207,I,S,-2.524728298187256,-4.284084641376694,,0,0,,,,,0.0,0.0,msa_v1_remapped,95.2664598751762,0.483586090736935,surface,0,195,False,False,False,0.9,0.9,0.0,HLA-B07_like,HLA-A02_like,SPTVWLSAI,TVWLSASWM,0.72,0.72,0.0,GLSPTVWLSAIWMMW,GLSPTVWLSASWMMW,0.9,0.9,0.0,1.003,0.983,-0.02,0.0,0.0,0.0,internal_motif_model_v2,0,0,0,,0,10.0,10,-0.0234513274336283,10,0.0,10,10,10,I195S,1.0,1.0,1.0,1.0,1.0,1.0,1.0,1.0,1.0,,strong_candidate
1,176,177,189,V,L,-1.94761323928833,-7.859066850145155,,0,0,,,,,0.0,0.0,msa_v1_remapped,60.24524161001862,0.3462370207472334,partial,0,177,False,False,False,0.95,0.95,0.0,HLA-A02_like,HLA-A02_like,LVPFVQWFV,LLPFVQWFV,0.72,0.72,0.0,WEWASVRFSWLSLLV,WEWASVRFSWLSLLL,0.95,0.95,0.0,1.205,1.186,-0.019,0.0,0.0,0.0,internal_motif_model_v2,0,0,0,,0,10.0,10,-0.0017699115044247,10,0.0,10,10,10,V177L,1.0,1.0,1.0,1.0,1.0,1.0,1.0,1.0,1.0,,strong_candidate
6,10,11,23,P,S,-2.695671558380127,-8.326513477580988,,0,0,,,,,0.0,0.0,msa_v1_remapped,79.2949546827029,0.4987104068094521,surface,0,11,False,False,False,0.5,0.5,0.0,HLA-A02_like,HLA-A02_like,LGPLLVLQA,FLGSLLVLQ,0.72,0.72,0.0,PLLVLQAGFFLLTRI,NITSGFLGSLLVLQA,0.72,0.72,0.0,1.166,1.159,-0.007,0.0,0.0,0.0,internal_motif_model_v2,0,0,0,,0,10.0,10,0.0035398230088495,10,0.0,10,10,10,P11S,1.0,1.0,1.0,1.0,1.0,1.0,1.0,1.0,1.0,,strong_candidate
10,10,11,23,P,T,-3.1442980766296387,-3.6340197294637737,,0,0,,,,,0.0,0.0,msa_v1_remapped,79.2949546827029,0.4987104068094521,surface,0,11,False,False,False,0.5,0.5,0.0,HLA-A02_like,HLA-A02_like,LGPLLVLQA,FLGTLLVLQ,0.72,0.72,0.0,PLLVLQAGFFLLTRI,NITSGFLGTLLVLQA,0.72,0.72,0.0,1.166,1.144,-0.022,0.0,0.0,0.0,internal_motif_model_v2,0,0,0,,0,10.0,10,0.0039823008849557,10,0.0,10,10,10,P11T,1.0,1.0,1.0,1.0,1.0,1.0,1.0,1.0,1.0,,strong_candidate
8,176,177,189,V,A,-2.9777989387512207,-7.214998386254422,,0,0,,,,,0.0,0.0,msa_v1_remapped,60.24524161001862,0.3462370207472334,partial,0,177,False,False,False,0.95,0.95,0.0,HLA-A02_like,HLA-A02_like,LVPFVQWFV,LAPFVQWFV,0.72,0.72,0.0,WEWASVRFSWLSLLV,WEWASVRFSWLSLLA,0.95,0.95,0.0,1.205,1.159,-0.046,0.0,0.0,0.0,internal_motif_model_v2,0,0,0,,0,10.0,10,-0.0106194690265486,10,0.0,10,10,10,V177A,1.0,1.0,1.0,1.0,1.0,1.0,1.0,1.0,1.0,,strong_candidate
9,194,195,207,I,T,-3.059206485748291,-4.253724435367872,,0,0,,,,,0.0,0.0,msa_v1_remapped,95.2664598751762,0.483586090736935,surface,0,195,False,False,False,0.9,0.9,0.0,HLA-B07_like,HLA-A02_like,SPTVWLSAI,TVWLSATWM,0.72,0.72,0.0,GLSPTVWLSAIWMMW,GLSPTVWLSATWMMW,0.9,0.9,0.0,1.003,0.969,-0.035,0.0,0.0,0.0,internal_motif_model_v2,0,0,0,,0,10.0,10,-0.0230088495575221,10,0.0,10,10,10,I195T,1.0,1.0,1.0,1.0,1.0,1.0,1.0,1.0,1.0,,strong_candidate
2,177,178,190,P,S,-2.228614330291748,-7.203812703459164,,0,0,,,,,0.0,0.0,msa_v1_remapped,78.75027791479411,0.4952847667597114,surface,0,178,False,False,False,0.95,0.95,0.0,HLA-A02_like,HLA-A02_like,LVPFVQWFV,WLSLLVSFV,0.72,0.72,0.0,EWASVRFSWLSLLVP,EWASVRFSWLSLLVS,0.95,0.95,0.0,1.205,1.198,-0.007,0.0,0.0,0.0,internal_motif_model_v2,0,0,0,,0,10.0,10,0.0035398230088495,10,0.0,10,10,10,P178S,1.0,1.0,1.0,1.0,1.0,1.0,1.0,1.0,1.0,,strong_candidate
7,177,178,190,P,T,-2.9462332725524902,-5.801488295500349,,0,0,,,,,0.0,0.0,msa_v1_remapped,78.75027791479411,0.4952847667597114,surface,0,178,False,False,False,0.95,0.95,0.0,HLA-A02_like,HLA-A02_like,LVPFVQWFV,WLSLLVTFV,0.72,0.72,0.0,EWASVRFSWLSLLVP,EWASVRFSWLSLLVT,0.95,0.95,0.0,1.205,1.183,-0.022,0.0,0.0,0.0,internal_motif_model_v2,0,0,0,,0,10.0,10,0.0039823008849557,10,0.0,10,10,10,P178T,1.0,1.0,1.0,1.0,1.0,1.0,1.0,1.0,1.0,,strong_candidate
205,57,58,70,S,V,-3.548753261566162,-3.189442894301351,,0,0,,,,,0.0,0.0,msa_v1_remapped,88.4282431107016,0.5705047942625909,surface,4,58,False,False,False,0.45,0.45,0.0,HLA-A03_like,HLA-A03_like,QSPTSNHSP,QSPTVNHSP,0.28,0.28,0.0,GSPVCLGQNSQSPTS,GSPVCLGQNSQSPTV,0.45,0.45,0.0,0.984,1.037,0.053,0.0,0.0,0.0,internal_motif_model_v2,0,0,4,surface_hydrophobic_gain,0,10.0,10,0.0221238938053096,10,0.0,10,10,10,S58V,1.0,1.0,1.0,1.0,0.6666666666666667,0.9285714285714286,1.0,0.9595238095238096,1.0,surface_hydrophobic_gain,candidate
208,56,57,69,T,A,-2.929856300354004,-1.4776508947108482,,0,0,,,,,0.0,0.0,msa_v1_remapped,64.61356336298215,0.3756602521103613,surface,0,57,False,False,False,0.45,0.5,0.05,HLA-A03_like,HLA-A02_like,QSPTSNHSP,LGQNSQSPA,0.28,0.36,0.08,GGSPVCLGQNSQSPT,GGSPVCLGQNSQSPA,0.45,0.5,0.05,0.985,1.007,0.022,0.0,0.0,0.0,internal_motif_model_v2,0,0,4,surface_hydrophobic_gain,0,10.0,10,0.0110619469026548,10,0.0,10,10,10,T57A,0.8236433755685717,1.0,1.0,1.0,1.0,0.9285714285714286,1.0,0.948767986749286,1.0,surface_hydrophobic_gain,candidate
17,113,114,126,T,Q,-3.606966257095337,-3.354792442910309,56.0,139,139,S,0.0503597122302158,0.0,0.1196530392664537,0.8803469607335462,6.0,msa_v1_remapped,119.72016470137704,0.6960474691940525,surface,0,114,True,False,False,0.8,0.8,0.0,HLA-A03_like,HLA-A03_like,TTTSTGPCK,QTTSTGPCK,0.46,0.46,0.0,YQGMLPVCPLIPGST,YQGMLPVCPLIPGSQ,0.8,0.8,0.0,0.956,0.971,0.015,0.0,7.8,7.8,internal_motif_model_v2,0,0,0,,0,10.0,10,-0.0123893805309733,10,0.0,10,10,10,T114Q,1.0,1.0,0.8,0.8901408450704226,1.0,1.0,1.0,0.9480281690140844,0.8333333333333334,,strong_candidate
21,113,114,126,T,N,-1.954566478729248,-2.398053351088151,56.0,139,139,S,0.0503597122302158,0.0,0.1196530392664537,0.8803469607335462,6.0,msa_v1_remapped,119.72016470137704,0.6960474691940525,surface,0,114,True,False,False,0.8,0.8,0.0,HLA-A03_like,HLA-A03_like,TTTSTGPCK,NTTSTGPCK,0.46,0.46,0.0,YQGMLPVCPLIPGST,YQGMLPVCPLIPGSN,0.8,0.8,0.0,0.956,0.937,-0.019,0.0,7.8,7.8,internal_motif_model_v2,0,0,0,,0,10.0,10,-0.0123893805309733,10,0.0,10,10,10,T114N,0.9494510990853404,1.0,0.8,0.8901408450704226,1.0,1.0,1.0,0.9353909437854196,0.8333333333333334,,strong_candidate
22,54,55,67,S,N,-2.724942207336426,-0.7827092251146723,,0,0,,,,,0.0,0.0,msa_v1_remapped,63.40593514694224,0.4090705493351112,surface,0,55,False,False,False,0.45,0.45,0.0,HLA-A02_like,HLA-A02_like,CLGQNSQSP,CLGQNSQNP,0.28,0.28,0.0,FLGGSPVCLGQNSQS,FLGGSPVCLGQNSQN,0.45,0.45,0.0,0.971,0.938,-0.034,0.0,0.0,0.0,internal_motif_model_v2,0,0,0,,0,10.0,10,-0.0119469026548671,10,0.0,10,10,10,S55N,0.7286533754625777,1.0,1.0,1.0,1.0,1.0,1.0,0.9321633438656444,1.0,,strong_candidate
23,113,114,126,T,S,-1.8908412456512451,-1.4036235507340962,56.0,139,139,S,0.0503597122302158,0.920863309352518,0.1196530392664537,0.8803469607335462,0.0,msa_v1_remapped,119.72016470137704,0.6960474691940525,surface,0,114,True,False,False,0.8,0.8,0.0,HLA-A03_like,HLA-A03_like,TTTSTGPCK,STTSTGPCK,0.46,0.46,0.0,YQGMLPVCPLIPGST,YQGMLPVCPLIPGSS,0.8,0.8,0.0,0.956,0.97,0.015,0.0,7.8,7.8,internal_motif_model_v2,0,0,0,,0,10.0,10,-0.0004424778761061,10,0.0,10,10,10,T114S,0.8135247458765513,1.0,1.0,0.8901408450704226,1.0,1.0,1.0,0.9314093554832223,0.8333333333333334,,strong_candidate
25,62,63,75,T,N,-3.2431163787841797,-0.4790917627636872,,0,0,,,,,0.0,0.0,msa_v1_remapped,84.32622788379754,0.4902687667662648,surface,0,63,False,False,False,0.45,0.45,0.0,HLA-B07_like,HLA-B07_like,SPTSNHSPT,SPTSNHSPN,0.46,0.46,0.0,TSCPPICPGYRWMCL,NSCPPICPGYRWMCL,0.46,0.46,0.0,1.083,1.064,-0.019,0.0,0.0,0.0,internal_motif_model_v2,0,0,0,,0,10.0,10,-0.0123893805309733,10,0.0,10,10,10,T63N,0.6871525933931117,1.0,1.0,1.0,1.0,1.0,1.0,0.921788148348278,1.0,,strong_candidate
27,54,55,67,S,T,-2.451204299926758,-0.2620550251510281,,0,0,,,,,0.0,0.0,msa_v1_remapped,63.40593514694224,0.4090705493351112,surface,0,55,False,False,False,0.45,0.45,0.0,HLA-A02_like,HLA-A02_like,CLGQNSQSP,CLGQNSQTP,0.28,0.28,0.0,FLGGSPVCLGQNSQS,FLGGSPVCLGQNSQT,0.45,0.45,0.0,0.971,0.957,-0.015,0.0,0.0,0.0,internal_motif_model_v2,0,0,0,,0,10.0,10,0.0004424778761062,10,0.0,10,10,10,S55T,0.6574863341503596,1.0,1.0,1.0,1.0,1.0,1.0,0.91437158353759,1.0,,strong_candidate
28,59,60,72,H,T,-2.3360469341278076,-0.2525043764057386,,0,0,,,,,0.0,0.0,msa_v1_remapped,91.56181841983944,0.4087581179457117,surface,0,60,False,False,False,0.45,0.45,0.0,HLA-A03_like,HLA-A03_like,QSPTSNHSP,QSPTSNTSP,0.18,0.18,0.0,PVCLGQNSQSPTSNH,PVCLGQNSQSPTSNT,0.45,0.45,0.0,0.97,0.942,-0.028,0.0,0.0,0.0,internal_motif_model_v2,0,0,0,,0,10.0,10,0.0110619469026548,10,-0.0871741882545862,10,10,10,H60T,0.6561808776422551,1.0,1.0,1.0,1.0,1.0,1.0,0.9140452194105638,1.0,,strong_candidate
35,60,61,73,S,T,-2.6296305656433105,0.13973338868891,,0,0,,,,,0.0,0.0,msa_v1_remapped,54.46238634884975,0.351370234508708,surface,0,61,False,False,False,0.45,0.45,0.0,HLA-A03_like,HLA-A03_like,QSPTSNHSP,QSPTSNHTP,0.28,0.28,0.0,SPTSCPPICPGYRWM,TPTSCPPICPGYRWM,0.45,0.45,0.0,0.984,0.97,-0.015,0.0,0.0,0.0,internal_motif_model_v2,0,0,0,,0,10.0,10,0.0004424778761062,10,0.0,10,10,10,S61T,0.6025667874560008,1.0,1.0,1.0,1.0,1.0,1.0,0.9006416968640002,0.8333333333333334,,strong_candidate
37,54,55,67,S,Q,-3.132941722869873,0.2866335721483324,,0,0,,,,,0.0,0.0,msa_v1_remapped,63.40593514694224,0.4090705493351112,surface,0,55,False,False,False,0.45,0.45,0.0,HLA-A02_like,HLA-A02_like,CLGQNSQSP,CLGQNSQQP,0.28,0.28,0.0,FLGGSPVCLGQNSQS,FLGGSPVCLGQNSQQ,0.45,0.45,0.0,0.971,0.972,0.0,0.0,0.0,0.0,internal_motif_model_v2,0,0,0,,0,10.0,10,-0.0119469026548671,10,0.0,10,10,10,S55Q,0.5824873346718704,1.0,1.0,1.0,1.0,1.0,1.0,0.8956218336679677,0.8333333333333334,,strong_candidate
46,67,68,80,I,S,-1.9503185749053955,0.6987384783381003,,0,0,,,,,0.0,0.0,msa_v1_remapped,148.48458703764516,0.7537288682113967,surface,0,68,False,False,False,0.8,0.8,0.0,HLA-B07_like,HLA-B07_like,PPICPGYRW,PPSCPGYRW,0.72,0.72,0.0,PPICPGYRWMCLRRF,PPSCPGYRWMCLRRF,0.8,0.8,0.0,1.149,1.129,-0.02,0.0,0.0,0.0,internal_motif_model_v2,0,0,0,,0,10.0,10,-0.0234513274336283,10,0.0,10,10,10,I68S,0.5261576500446787,1.0,1.0,1.0,1.0,1.0,1.0,0.8815394125111697,0.8333333333333334,,strong_candidate
50,61,62,74,P,S,-1.6426712274551392,0.8838332613637476,,0,0,,,,,0.0,0.0,msa_v1_remapped,95.28858925382806,0.5992993034831954,surface,0,62,False,False,False,0.45,0.45,0.0,HLA-A03_like,HLA-A03_like,QSPTSNHSP,QSPTSNHSS,0.28,0.28,0.0,SPTSCPPICPGYRWM,SSTSCPPICPGYRWM,0.45,0.45,0.0,1.041,1.034,-0.007,0.0,0.0,0.0,internal_motif_model_v2,0,0,0,,0,10.0,10,0.0035398230088495,10,0.0,10,10,10,P62S,0.500857464103257,1.0,1.0,1.0,1.0,1.0,1.0,0.8752143660258143,0.8333333333333334,,strong_candidate
249,41,42,54,L,A,-3.4336395263671875,0.7426073909674074,,0,0,,,,,0.0,0.0,msa_v1_remapped,165.98455245431362,0.8257937933050429,surface,0,42,False,False,False,0.85,0.85,0.0,HLA-A02_like,HLA-A02_like,FLGGSPVCL,FAGGSPVCL,0.54,0.54,0.0,QSLDSWWTSLNFLGG,QSLDSWWTSLNFAGG,0.85,0.85,0.0,1.018,0.992,-0.027,0.0,0.0,0.0,internal_motif_model_v2,0,0,4,surface_hydrophobic_gain,0,10.0,10,-0.0088495575221239,10,0.0,10,10,10,L42A,0.5201613079089003,1.0,1.0,1.0,1.0,0.9285714285714286,1.0,0.872897469834368,0.8333333333333334,surface_hydrophobic_gain,candidate
53,53,54,66,Q,H,-3.242682456970215,1.0112214628954348,,0,0,,,,,0.0,0.0,msa_v1_remapped,195.53090463568964,0.8690262428252873,surface,0,54,False,False,False,0.45,0.45,0.0,HLA-A02_like,HLA-A02_like,CLGQNSQSP,CLGQNSHSP,0.28,0.28,0.0,NFLGGSPVCLGQNSQ,NFLGGSPVCLGQNSH,0.45,0.45,0.0,0.972,0.985,0.013,0.0,0.0,0.0,internal_motif_model_v2,0,0,0,,0,10.0,10,0.0013274336283185,10,0.087174188254588,10,10,10,Q54H,0.4834450598592738,1.0,1.0,1.0,1.0,1.0,1.0,0.8708612649648185,0.8333333333333334,,strong_candidate
