I195S	pos=194	s_protein_pos=195	construct_pos=207	wt=I	mut=S	final_score=1.000	confidence=1.000
V177L	pos=176	s_protein_pos=177	construct_pos=189	wt=V	mut=L	final_score=1.000	confidence=1.000
P11S	pos=10	s_protein_pos=11	construct_pos=23	wt=P	mut=S	final_score=1.000	confidence=1.000
P11T	pos=10	s_protein_pos=11	construct_pos=23	wt=P	mut=T	final_score=1.000	confidence=1.000
V177A	pos=176	s_protein_pos=177	construct_pos=189	wt=V	mut=A	final_score=1.000	confidence=1.000
I195T	pos=194	s_protein_pos=195	construct_pos=207	wt=I	mut=T	final_score=1.000	confidence=1.000
P178S	pos=177	s_protein_pos=178	construct_pos=190	wt=P	mut=S	final_score=1.000	confidence=1.000
P178T	pos=177	s_protein_pos=178	construct_pos=190	wt=P	mut=T	final_score=1.000	confidence=1.000
S58V	pos=57	s_protein_pos=58	construct_pos=70	wt=S	mut=V	final_score=0.960	confidence=1.000
T57A	pos=56	s_protein_pos=57	construct_pos=69	wt=T	mut=A	final_score=0.949	confidence=1.000
T114Q	pos=113	s_protein_pos=114	construct_pos=126	wt=T	mut=Q	final_score=0.948	confidence=0.833
T114N	pos=113	s_protein_pos=114	construct_pos=126	wt=T	mut=N	final_score=0.935	confidence=0.833
S55N	pos=54	s_protein_pos=55	construct_pos=67	wt=S	mut=N	final_score=0.932	confidence=1.000
T114S	pos=113	s_protein_pos=114	construct_pos=126	wt=T	mut=S	final_score=0.931	confidence=0.833
T63N	pos=62	s_protein_pos=63	construct_pos=75	wt=T	mut=N	final_score=0.922	confidence=1.000
S55T	pos=54	s_protein_pos=55	construct_pos=67	wt=S	mut=T	final_score=0.914	confidence=1.000
H60T	pos=59	s_protein_pos=60	construct_pos=72	wt=H	mut=T	final_score=0.914	confidence=1.000
S61T	pos=60	s_protein_pos=61	construct_pos=73	wt=S	mut=T	final_score=0.901	confidence=0.833
S55Q	pos=54	s_protein_pos=55	construct_pos=67	wt=S	mut=Q	final_score=0.896	confidence=0.833
I68S	pos=67	s_protein_pos=68	construct_pos=80	wt=I	mut=S	final_score=0.882	confidence=0.833
P62S	pos=61	s_protein_pos=62	construct_pos=74	wt=P	mut=S	final_score=0.875	confidence=0.833
L42A	pos=41	s_protein_pos=42	construct_pos=54	wt=L	mut=A	final_score=0.873	confidence=0.833
Q54H	pos=53	s_protein_pos=54	construct_pos=66	wt=Q	mut=H	final_score=0.871	confidence=0.833
