rank,pos,wt,mut,esm_score,ddg,alignment_column,msa_depth,msa_observed,msa_consensus,wt_frequency,mut_frequency,position_entropy,conservation_score_raw,conservation_penalty,conservation_mode,asa,rsa,surface_class,accessibility_penalty,pdb_residue,in_mhr,in_major_epitope,in_antibody_contact,wt_mhci_score,mut_mhci_score,mhci_delta,wt_mhci_allele,mut_mhci_allele,wt_mhci_peptide,mut_mhci_peptide,wt_mhcii_score,mut_mhcii_score,mhcii_delta,wt_mhcii_peptide,mut_mhcii_peptide,wt_tcell_epitope_score,mut_tcell_epitope_score,tcell_epitope_delta,wt_bcell_antigenicity,mut_bcell_antigenicity,bcell_antigenicity_delta,tcell_penalty,bcell_penalty,epitope_penalty,epitope_prediction_mode,bonding_penalty,interface_penalty,structural_context_penalty,structural_flags,expression_penalty,solubility_score,gravy_score,gravy_delta,charge_score,charge_delta,proteolytic_score,codon_score,cys_score,mutation,stability_score,solubility_norm,conservation_score,epitope_preservation_score,accessibility_score,structural_context_score,expression_score,final_score,confidence_score,flags,recommendation
1,18,A,K,-3.1089773178100586,-3.0033757603854383,18,139,55,C,0.0181818181818181,0.0,0.0605579893382868,0.9394420106617132,12.0,msa,61.751572455561856,0.4786943601206345,surface,0,76,False,False,False,0.95,0.95,0.0,HLA-A02_like,HLA-A02_like,WMALRRFII,WMKLRRFII,0.72,0.72,0.0,LDSWWTSLNFYRWMA,LDSWWTSLNFYRWMK,0.95,0.95,0.0,0.95,0.931,-0.019,0.0,0.0,0.0,internal_motif_model,0,0,0,,0,9.6,10,-0.0504424778761062,10,0.9990009990009998,8,10,10,A76K,0.9672603157912936,0.96,0.6,1.0,1.0,1.0,1.0,0.9258150789478234,1.0,,strong_candidate
2,18,A,D,-3.1204280853271484,-2.8227012267584257,18,139,55,C,0.0181818181818181,0.0,0.0605579893382868,0.9394420106617132,12.0,msa,61.751572455561856,0.4786943601206345,surface,0,76,False,False,False,0.95,0.95,0.0,HLA-A02_like,HLA-A02_like,WMALRRFII,WMDLRRFII,0.72,0.72,0.0,LDSWWTSLNFYRWMA,LDSWWTSLNFYRWMD,0.95,0.95,0.0,0.95,0.922,-0.028,0.0,0.0,0.0,internal_motif_model,0,0,0,,0,10.0,10,-0.0469026548672567,10,-0.9988792390601552,10,10,10,A76D,0.9430225396509136,1.0,0.6,1.0,1.0,1.0,1.0,0.9257556349127284,1.0,,strong_candidate
3,101,G,L,-1.8466901779174805,-4.185099880662818,101,139,139,A,0.3884892086330935,0.0,0.2617420822038793,0.7382579177961207,12.0,msa,34.06803392131721,0.3275772492434347,partial,0,159,True,False,False,0.5,0.95,0.45,HLA-A02_like,HLA-A02_like,FGKFLWEWA,FLKFLWEWA,0.72,0.72,0.0,IPSSWAFGKFLWEWA,IPSSWAFLKFLWEWA,0.72,0.95,0.23,1.028,1.081,0.054,0.0,8.0,8.0,internal_motif_model,0,0,0,,0,10.0,10,0.0371681415929202,10,0.0,10,10,10,G159L,1.0,1.0,0.6,0.8596491228070176,1.0,1.0,1.0,0.9119298245614036,0.8333333333333334,,strong_candidate
4,101,G,A,-3.0260000228881836,-2.251545255972701,101,139,139,A,0.3884892086330935,0.5827338129496403,0.2617420822038793,0.7382579177961207,6.0,msa,34.06803392131721,0.3275772492434347,partial,0,159,True,False,False,0.5,0.95,0.45,HLA-A02_like,HLA-A02_like,FGKFLWEWA,FAKFLWEWA,0.72,0.72,0.0,IPSSWAFGKFLWEWA,IPSSWAFAKFLWEWA,0.72,0.95,0.23,1.028,1.055,0.027,0.0,8.0,8.0,internal_motif_model,0,0,0,,0,10.0,10,0.0194690265486725,10,0.0,10,10,10,G159A,0.866401057457276,1.0,0.8,0.8596491228070176,1.0,1.0,1.0,0.9085300889257224,0.8333333333333334,,strong_candidate
5,32,A,S,-3.4596855640411377,-2.3025780422397872,32,139,55,C,0.0181818181818181,0.0,0.0303351945483401,0.96966480545166,12.0,msa,57.14913921805281,0.4430165830856807,surface,0,90,False,False,False,0.95,0.95,0.0,HLA-A02_like,HLA-A02_like,FLFILLLAL,FLFILLLSL,0.72,0.72,0.0,ALRRFIIFLFILLLA,ALRRFIIFLFILLLS,0.95,0.95,0.0,1.187,1.179,-0.007,0.0,0.0,0.0,internal_motif_model,0,0,0,,0,10.0,10,-0.0230088495575221,10,0.0,10,10,10,A90S,0.8732471869284888,1.0,0.6,1.0,1.0,1.0,1.0,0.908311796732122,1.0,,strong_candidate
6,101,G,S,-2.548248767852783,-2.6654112866544324,101,139,139,A,0.3884892086330935,0.0,0.2617420822038793,0.7382579177961207,12.0,msa,34.06803392131721,0.3275772492434347,partial,0,159,True,False,False,0.5,0.5,0.0,HLA-A02_like,HLA-A02_like,FGKFLWEWA,WAFSKFLWE,0.72,0.72,0.0,IPSSWAFGKFLWEWA,IPSSWAFSKFLWEWA,0.72,0.72,0.0,1.028,1.047,0.02,0.0,8.0,8.0,internal_motif_model,0,0,0,,0,10.0,10,-0.0035398230088495,10,0.0,10,10,10,G159S,0.9219218439366814,1.0,0.6,0.8596491228070176,1.0,1.0,1.0,0.8924102855455739,0.8333333333333334,,strong_candidate
147,32,A,L,-0.912675142288208,-2.0493498649922515,32,139,55,C,0.0181818181818181,0.0,0.0303351945483401,0.96966480545166,6.0,msa,57.14913921805281,0.4430165830856807,surface,4,90,False,False,False,0.95,0.95,0.0,HLA-A02_like,HLA-A02_like,FLFILLLAL,FLFILLLLL,0.72,0.72,0.0,ALRRFIIFLFILLLA,ALRRFIIFLFILLLL,0.95,0.95,0.0,1.187,1.213,0.027,0.0,0.0,0.0,internal_motif_model,0,0,4,surface_hydrophobic_gain,0,10.0,10,0.0176991150442478,10,0.0,10,10,10,A90L,0.8392762240631133,1.0,0.8,1.0,0.6666666666666667,0.9285714285714286,1.0,0.8893428655395879,1.0,surface_hydrophobic_gain,candidate
7,101,G,W,-2.7970521450042725,-2.4584669783636457,101,139,139,A,0.3884892086330935,0.0,0.2617420822038793,0.7382579177961207,12.0,msa,34.06803392131721,0.3275772492434347,partial,0,159,True,False,False,0.5,0.5,0.0,HLA-A02_like,HLA-A02_like,FGKFLWEWA,WAFWKFLWE,0.72,0.72,0.0,IPSSWAFGKFLWEWA,IPSSWAFWKFLWEWA,0.72,0.72,0.0,1.028,1.03,0.003,0.0,8.0,8.0,internal_motif_model,0,0,0,,0,10.0,10,-0.0044247787610619,10,0.0,10,10,10,G159W,0.8941599357297796,1.0,0.6,0.8596491228070176,1.0,1.0,1.0,0.8854698084938484,0.8333333333333334,,strong_candidate
8,18,A,N,-2.8822579383850098,-1.5975636103969464,18,139,55,C,0.0181818181818181,0.0,0.0605579893382868,0.9394420106617132,12.0,msa,61.751572455561856,0.4786943601206345,surface,0,76,False,False,False,0.95,0.95,0.0,HLA-A02_like,HLA-A02_like,WMALRRFII,WMNLRRFII,0.72,0.72,0.0,LDSWWTSLNFYRWMA,LDSWWTSLNFYRWMN,0.95,0.95,0.0,0.95,0.909,-0.041,0.0,0.0,0.0,internal_motif_model,0,0,0,,0,10.0,10,-0.0469026548672567,10,0.0,10,10,10,A76N,0.7786683792143878,1.0,0.6,1.0,1.0,1.0,1.0,0.884667094803597,1.0,,strong_candidate
9,4,L,V,-3.068728446960449,-3.815241990590948,4,139,48,L,1.0,0.0,0.0,1.0,24.0,msa,55.69130199671039,0.2770711542124895,partial,0,32,False,False,False,0.9,0.9,0.0,HLA-B07_like,HLA-B07_like,IPQSLDSWW,IPQSVDSWW,0.72,0.72,0.0,QSLDSWWTSLNFYRW,QSVDSWWTSLNFYRW,0.9,0.9,0.0,1.016,1.035,0.019,0.0,0.0,0.0,internal_motif_model,0,0,0,,0,10.0,10,0.0035398230088495,10,0.0,10,10,10,L32V,1.0,1.0,0.1999999999999999,1.0,1.0,1.0,1.0,0.88,1.0,,strong_candidate
