A76K	pos=18	pdb_residue=76	wt=A	mut=K	final_score=0.926
A76D	pos=18	pdb_residue=76	wt=A	mut=D	final_score=0.926
G159L	pos=101	pdb_residue=159	wt=G	mut=L	final_score=0.912
G159A	pos=101	pdb_residue=159	wt=G	mut=A	final_score=0.909
A90S	pos=32	pdb_residue=90	wt=A	mut=S	final_score=0.908
G159S	pos=101	pdb_residue=159	wt=G	mut=S	final_score=0.892
A90L	pos=32	pdb_residue=90	wt=A	mut=L	final_score=0.889
G159W	pos=101	pdb_residue=159	wt=G	mut=W	final_score=0.885
A76N	pos=18	pdb_residue=76	wt=A	mut=N	final_score=0.885
L32V	pos=4	pdb_residue=32	wt=L	mut=V	final_score=0.880
