pos,wt,mut,ddg
0,I,A,-101.53671118645462
0,I,C,-90.46579263748527
0,I,D,-101.43885291288711
0,I,E,-96.39728929517037
0,I,F,-84.93187037048415
0,I,G,-90.76982740561215
0,I,H,-92.81065230485655
0,I,K,-95.49840155349324
0,I,L,-97.82754042395158
0,I,M,-99.93882572106111
0,I,N,-106.4367038040545
0,I,P,-87.98014910974973
0,I,Q,-89.8089701027277
0,I,R,-104.01847158942775
0,I,S,-98.46511102539876
0,I,T,-97.06804832266897
0,I,V,-97.25939885917603
0,I,W,-97.89432959740867
0,I,Y,-88.40851751204013
1,P,A,-95.73084574448427
1,P,C,-101.51872320220633
1,P,D,-101.79010395712385
1,P,E,-102.84145151697618
1,P,F,-103.61391753906486
1,P,G,-103.60179205103833
1,P,H,-96.49575219940198
1,P,I,-99.2703986398339
1,P,K,-103.7054794171878
1,P,L,-95.2839217894383
1,P,M,-100.5296754531688
1,P,N,-102.98454212067287
1,P,Q,-84.44575806824577
1,P,R,-90.7271587778651
1,P,S,-102.76624793065207
1,P,T,-91.8165172251334
1,P,V,-92.15743031375337
1,P,W,-102.30393016018223
1,P,Y,-93.0634171765575
2,Q,A,-99.53579015107579
2,Q,C,-88.32026626772023
2,Q,D,-99.08193204155822
2,Q,E,-95.20049464052346
2,Q,F,-104.13644820978283
2,Q,G,-94.10267610845727
2,Q,H,-94.27671623595745
2,Q,I,-100.0629067849157
2,Q,K,-99.76874699594072
2,Q,L,-99.37941246778195
2,Q,M,-101.11746226776205
2,Q,N,-97.3905200936864
2,Q,P,-100.42058302216958
2,Q,R,-99.31605018026983
2,Q,S,-98.72821758224126
2,Q,T,-92.4172370097923
2,Q,V,-95.94211378386757
2,Q,W,-98.27420380593867
2,Q,Y,-106.93155304169375
3,S,A,-100.08074528120221
3,S,C,-99.19297055409345
3,S,D,-94.9800245171138
3,S,E,-93.19288163307795
3,S,F,-101.48933414240952
3,S,G,-99.86174634321509
3,S,H,-104.80003357149462
3,S,I,-99.0446944842588
3,S,K,-103.15768615559546
3,S,L,-95.55300782880528
3,S,M,-94.8931314649468
3,S,N,-99.49195315676303
3,S,P,-99.18800504411053
3,S,Q,-90.87515076701374
3,S,R,-87.07782983140169
3,S,T,-100.10694066908854
3,S,V,-84.76250358513914
3,S,W,-91.39981726812323
3,S,Y,-100.55583902602706
4,L,A,-87.39857463031848
4,L,C,-89.03907546549993
4,L,D,-94.46014671220371
4,L,E,-92.32590494127965
4,L,F,-93.59402112014874
4,L,G,-94.88270391917291
4,L,H,-96.87298447858558
4,L,I,-87.33533193946056
4,L,K,-98.161029434449
4,L,M,-96.4730764066278
4,L,N,-94.45842991613085
4,L,P,-90.07502650269186
4,L,Q,-95.22084402481079
4,L,R,-88.83730499656764
4,L,S,-90.28398974008019
4,L,T,-98.56198557166175
4,L,V,-100.65096451777623
4,L,W,-95.65174307563854
4,L,Y,-99.4210889150221
5,D,A,-98.7612882482652
5,D,C,-98.79041026886767
5,D,E,-87.94579052674942
5,D,F,-85.43745536024
5,D,G,-93.97609500116863
5,D,H,-95.73290578535625
5,D,I,-101.98869526668233
5,D,K,-98.71519353545392
5,D,L,-86.99723981161014
5,D,M,-88.4834579843727
5,D,N,-98.44217065592846
5,D,P,-98.07409918127445
5,D,Q,-92.19180147143834
5,D,R,-102.98791796938394
5,D,S,-102.19010518939649
5,D,T,-104.96907572405786
5,D,V,-103.09562667943692
5,D,W,-92.03390296026726
5,D,Y,-98.29498210350147
6,S,A,-98.85050650886052
6,S,C,-93.16936411595157
6,S,D,-98.41067456801107
6,S,E,-95.4674149873938
6,S,F,-98.94994731836897
6,S,G,-101.6163531362032
6,S,H,-63.74806934476675
6,S,I,-93.29147140801433
6,S,K,-97.48067800806052
6,S,L,-88.67417812263574
6,S,M,-98.9910151383416
6,S,N,-94.51068030989853
6,S,P,-101.38894083456285
6,S,Q,-101.48293659988224
6,S,R,-96.33288591177654
6,S,T,-101.30267943169724
6,S,V,-97.5930829161739
6,S,W,-99.64349736528567
6,S,Y,-97.42239052333781
7,W,A,-94.89213820303439
7,W,C,-95.82526607823178
7,W,D,-92.99233606576132
7,W,E,-99.94833475307263
7,W,F,-92.26670543380652
7,W,G,-97.82102377826243
7,W,H,-94.36160934656812
7,W,I,-104.4371478037753
7,W,K,-90.16273753382023
7,W,L,-91.92354628109632
7,W,M,-96.1534220480346
7,W,N,-90.42078887069209
7,W,P,-92.41932951636886
7,W,Q,-101.67659377488519
7,W,R,-104.4198151361989
7,W,S,-89.1389280938065
7,W,T,-97.01244565865898
7,W,V,-102.59145858770506
7,W,Y,-90.26521789401642
8,W,A,-103.1577257494028
8,W,C,-104.32318810401244
8,W,D,-93.03036291415424
8,W,E,-104.01092199313575
8,W,F,-95.72639073795278
8,W,G,-93.70395357733992
8,W,H,-97.11455798622154
8,W,I,-96.48385760525531
8,W,K,-86.7316672274435
8,W,L,-96.9693339993143
8,W,M,-103.24999070984734
8,W,N,-88.47699895861007
8,W,P,-99.71519211399982
8,W,Q,-95.90114214518707
8,W,R,-99.64104127722038
8,W,S,-103.31902633667795
8,W,T,-88.26529669811578
8,W,V,-90.94264061245877
8,W,Y,-96.27945011662996
9,T,A,-98.10707577072725
9,T,C,-98.70717761169499
9,T,D,-97.33783563378097
9,T,E,-103.52799278464192
9,T,F,-101.21609520835068
9,T,G,-88.69331260905818
9,T,H,-84.46773833749825
9,T,I,-97.83524754227545
9,T,K,-98.84020959566283
9,T,L,-103.69202743041234
9,T,M,-101.8058069512038
9,T,N,-96.28629933137523
9,T,P,-91.92010399682994
9,T,Q,-102.43695441365242
9,T,R,-98.76021062697413
9,T,S,-107.01994335169178
9,T,V,-107.45341479203324
9,T,W,-96.2876674605019
9,T,Y,-103.22839118627257
10,S,A,-102.15221201975311
10,S,C,-95.99330167713111
10,S,D,-99.59371849168758
10,S,E,-97.84834364794756
10,S,F,-90.99950209027958
10,S,G,-92.23170117325452
10,S,H,-91.73085994715154
10,S,I,-104.71797389666068
10,S,K,-100.46015239921218
10,S,L,-101.43981842527887
10,S,M,-99.67115728916974
10,S,N,-104.04086605573804
10,S,P,-95.33623999648819
10,S,Q,-94.44496127571244
10,S,R,-102.70642431158933
10,S,T,-99.50032176631345
10,S,V,-95.71383561834875
10,S,W,-99.84491571347127
10,S,Y,-97.92742463917659
11,L,A,-95.1825511322566
11,L,C,-93.8071353294369
11,L,D,-94.81269683188833
11,L,E,-95.93199550601884
11,L,F,-100.3989504130239
11,L,G,-100.5458229477403
11,L,H,-93.25169197539384
11,L,I,-94.65099160849422
11,L,K,-85.1939574137271
11,L,M,-99.74882286551463
11,L,N,-94.2010521260164
11,L,P,-96.27963923109309
11,L,Q,-91.34679391199626
11,L,R,-101.93351024691486
11,L,S,-102.03078878503578
11,L,T,-99.9900684962733
11,L,V,-99.69388048040355
11,L,W,-96.88569499269727
11,L,Y,-105.17490625817175
12,N,A,-99.33853195052842
12,N,C,-105.85430780185379
12,N,D,-90.44997885732027
12,N,E,-94.28794310745695
12,N,F,-92.03424762059188
12,N,G,-97.78945017513854
12,N,H,-101.01290482692752
12,N,I,-98.91678370754954
12,N,K,-88.79265755614853
12,N,L,-97.52380645050698
12,N,M,-90.21871606905682
12,N,P,-100.16687126901218
12,N,Q,-97.86383603290625
12,N,R,-93.01071095063162
12,N,S,-93.06833595716574
12,N,T,-95.56582592934484
12,N,V,-95.74318253287953
12,N,W,-99.38558465393567
12,N,Y,-104.28217026855873
13,F,A,-93.55921903024029
13,F,C,-104.73914628541132
13,F,D,-93.63165232970795
13,F,E,-95.81096854893411
13,F,G,-91.4904252118792
13,F,H,-95.39959101944953
13,F,I,-86.16635203830913
13,F,K,-101.23138395143792
13,F,L,-100.81047316355745
13,F,M,-107.72834300539739
13,F,N,-98.28411453662812
13,F,P,-100.29466378450519
13,F,Q,-99.25705137794046
13,F,R,-100.45997404591378
13,F,S,-93.580732073631
13,F,T,-97.75191855942955
13,F,V,-92.12333821446663
13,F,W,-104.31659964326633
13,F,Y,-90.44362071134657
14,Y,A,-101.60856727088458
14,Y,C,-96.55557123909847
14,Y,D,-97.72134995763884
14,Y,E,-94.55761650919203
14,Y,F,-92.90404364386916
14,Y,G,-99.35932533690232
14,Y,H,-97.73464903792689
14,Y,I,-102.23861370790866
14,Y,K,-97.82525530972799
14,Y,L,-97.8027816022863
14,Y,M,-103.05210453683986
14,Y,N,-97.78917242061323
14,Y,P,-100.43095977883127
14,Y,Q,-100.18772336131593
14,Y,R,-93.7590856507893
14,Y,S,-94.33598131773493
14,Y,T,-95.92804260456273
14,Y,V,-95.35115010986823
14,Y,W,-101.2263080080973
15,R,A,-96.10993554514198
15,R,C,-104.41589805851373
15,R,D,-95.36266983811885
15,R,E,-97.12959006926911
15,R,F,-94.83699666730286
15,R,G,-101.54750925471279
15,R,H,-98.71269205636861
15,R,I,-95.81735131935585
15,R,K,-102.03184067081543
15,R,L,-100.23659884176635
15,R,M,-96.91420447923707
15,R,N,-95.20966460979622
15,R,P,-93.64791484707558
15,R,Q,-89.73945930143185
15,R,S,-95.34913249687025
15,R,T,-94.00048441686096
15,R,V,-104.23673604982122
15,R,W,-100.02468731524436
15,R,Y,-97.1592528989575
16,W,A,-99.57097350086775
16,W,C,-87.58458923766881
16,W,D,-97.9514155473068
16,W,E,-89.71492244553275
16,W,F,-104.73477623049013
16,W,G,-98.42135741923937
16,W,H,-101.66254599043612
16,W,I,-98.92000916696935
16,W,K,-100.92720213691649
16,W,L,-96.54081748433413
16,W,M,-103.87583780667586
16,W,N,-96.9783149842292
16,W,P,-96.32478634070895
16,W,Q,-101.95561785311526
16,W,R,-87.04753557045723
16,W,S,-98.4712062054279
16,W,T,-102.59234989690543
16,W,V,-100.28583533727601
16,W,Y,-99.32856109465621
17,M,A,-99.82754723525403
17,M,C,-91.10889996965187
17,M,D,-96.51741182868227
17,M,E,-113.20255793361457
17,M,F,-95.20985458885656
17,M,G,-100.3406196595414
17,M,H,-109.18488033541558
17,M,I,-95.14434788199685
17,M,K,-95.11104110889028
17,M,L,-98.93790349760724
17,M,N,-102.82180790632151
17,M,P,-100.84913304186136
17,M,Q,-101.68432641558644
17,M,R,-96.26839852192211
17,M,S,-88.7699253301331
17,M,T,-90.60744462008279
17,M,V,-100.08572723916745
17,M,W,-99.86430436921137
17,M,Y,-96.06436636630212
18,A,C,-96.28571400489722
18,A,D,-99.49400869630222
18,A,E,-95.15351553034668
18,A,F,-101.52113924061831
18,A,G,-99.88752805618992
18,A,H,-104.34034340987631
18,A,I,-98.9495674457379
18,A,K,-93.30787727970733
18,A,L,-104.53022949454254
18,A,M,-97.02144210550216
18,A,N,-103.28221094346515
18,A,P,-97.4026251351325
18,A,Q,-91.1834687713627
18,A,R,-99.13969055742916
18,A,S,-96.16297213589485
18,A,T,-98.98871566201308
18,A,V,-89.75019971205438
18,A,W,-103.38160572571098
18,A,Y,-98.09521027315412
19,L,A,-102.6491644822571
19,L,C,-97.02541865748123
19,L,D,-97.30405805950284
19,L,E,-94.49675916173754
19,L,F,-102.10454677806871
19,L,G,-93.7959960734313
19,L,H,-95.29396073605199
19,L,I,-96.94074322544299
19,L,K,-72.37690154593867
19,L,M,-101.71683765951565
19,L,N,-100.59865280290683
19,L,P,-87.16535139329278
19,L,Q,-99.45276919679446
19,L,R,-98.18506114782213
19,L,S,-97.46283631161373
19,L,T,-94.37385129487615
19,L,V,-104.01588977763856
19,L,W,-103.86250419627953
19,L,Y,-97.13523877773565
20,R,A,-98.25399443819686
20,R,C,-88.92361519966306
20,R,D,-97.68961342453855
20,R,E,-104.73398344720948
20,R,F,-91.42696332081164
20,R,G,-91.62320369924282
20,R,H,-100.43013634125327
20,R,I,-98.08292001022028
20,R,K,-91.59196442036097
20,R,L,-95.04330242879536
20,R,M,-94.79050158438974
20,R,N,-97.72036416939414
20,R,P,-91.19224257024752
20,R,Q,-92.77077570517736
20,R,S,-84.18571714377754
20,R,T,-94.17875894489725
20,R,V,-102.55533954008774
20,R,W,-96.90892138658546
20,R,Y,-93.55896317503755
21,R,A,-102.0557240902483
21,R,C,-98.60665856858719
21,R,D,-102.84953647629646
21,R,E,-101.25997471739635
21,R,F,-91.31783413410272
21,R,G,-97.1243421934837
21,R,H,-102.11672774316287
21,R,I,-104.68352807247874
21,R,K,-85.54805992562689
21,R,L,-93.90968178685847
21,R,M,-99.81885611220099
21,R,N,-84.07095063103748
21,R,P,-99.67222112039929
21,R,Q,-99.08441185556387
21,R,S,-95.71706715989723
21,R,T,-99.1366969675824
21,R,V,-93.33174964267783
21,R,W,-97.1667907776876
21,R,Y,-88.54442683613615
22,F,A,-99.79673458536246
22,F,C,-100.9719314107349
22,F,D,-102.78586067768487
22,F,E,-96.4767118404011
22,F,G,-102.1793087707394
22,F,H,-97.23101023777377
22,F,I,-92.0683739733945
22,F,K,-102.73265282300002
22,F,L,-96.4872913426812
22,F,M,-99.30409171511405
22,F,N,-98.35714669410947
22,F,P,-92.73690393792378
22,F,Q,-92.35292333613535
22,F,R,-91.0105285341237
22,F,S,-96.20606114358486
22,F,T,-96.91437666240677
22,F,V,-99.01137779836273
22,F,W,-94.56755987073058
22,F,Y,-97.02222230262504
23,I,A,-100.62376709344824
23,I,C,-90.1104548026525
23,I,D,-95.41614962394323
23,I,E,-98.71051522801025
23,I,F,-97.28727848756455
23,I,G,-96.87417924220188
23,I,H,-91.81312369368345
23,I,K,-99.49078275096377
23,I,L,-98.13600556768239
23,I,M,-96.68636487108336
23,I,N,-104.22811015569363
23,I,P,-97.20148745987791
23,I,Q,-88.9652664597134
23,I,R,-99.91314838988427
23,I,S,-88.95297079740885
23,I,T,-101.43514185449266
23,I,V,-104.77863904766042
23,I,W,-99.33918087989088
23,I,Y,-98.11152428186199
24,I,A,-99.36752177787315
24,I,C,-93.26465373630913
24,I,D,-101.40423260720132
24,I,E,-98.26385289298861
24,I,F,-102.399990997477
24,I,G,-99.43840600038999
24,I,H,-89.24191613254607
24,I,K,-92.97807423686675
24,I,L,-100.34850554949429
24,I,M,-100.1647021937352
24,I,N,-98.12139924179746
24,I,P,-92.5204724427893
24,I,Q,-102.12708164602145
24,I,R,-104.10507290255975
24,I,S,-102.24499386951851
24,I,T,-100.4934797523785
24,I,V,-97.67557683705132
24,I,W,-96.9274199005394
24,I,Y,-99.18987846748553
25,F,A,-95.25659943800929
25,F,C,-99.65421741695741
25,F,D,-95.9382842748908
25,F,E,-103.55672871002395
25,F,G,-93.52715829358647
25,F,H,-79.29848289867289
25,F,I,-102.98878114201824
25,F,K,-96.32211422933858
25,F,L,-89.25202230602099
25,F,M,-100.94178528578578
25,F,N,-91.15965193160042
25,F,P,-87.27040438739635
25,F,Q,-91.74394255317992
25,F,R,-98.66993710517306
25,F,S,-99.24128116618147
25,F,T,-85.64765104684767
25,F,V,-96.01866534252582
25,F,W,-99.06686817143776
25,F,Y,-86.49562565442204
26,L,A,-90.88741488832426
26,L,C,-86.3389020798299
26,L,D,-97.13455485436225
26,L,E,-105.90538567123662
26,L,F,-97.40918358750605
26,L,G,-96.79381060003351
26,L,H,-93.87419687353776
26,L,I,-97.75427209967842
26,L,K,-94.08138377191398
26,L,M,-90.31988730350992
26,L,N,-99.3919749880028
26,L,P,-92.98210599870532
26,L,Q,-93.83309343537599
26,L,R,-102.40103699228223
26,L,S,-100.13273166279271
26,L,T,-97.6538238278921
26,L,V,-96.18646155191891
26,L,W,-97.70866672584361
26,L,Y,-104.24622689392248
27,F,A,-102.36695291733042
27,F,C,-91.40970780686797
27,F,D,-100.09918810519702
27,F,E,-95.72055221152749
27,F,G,-97.24589573278115
27,F,H,-92.47463476424838
27,F,I,-101.99101849503876
27,F,K,-94.49204402636576
27,F,L,-92.13241346635255
27,F,M,-87.96810565534815
27,F,N,-102.96549616532354
27,F,P,-102.85529067998317
27,F,Q,-96.3713172668385
27,F,R,-93.43807530520968
27,F,S,-109.68922498293915
27,F,T,-90.01258014468516
27,F,V,-102.97081082230397
27,F,W,-102.45065880629602
27,F,Y,-97.9957201557948
28,I,A,-92.6003646680008
28,I,C,-93.95170344174215
28,I,D,-102.95087969884344
28,I,E,-98.57591141842931
28,I,F,-100.56899948132917
28,I,G,-97.5241431945388
28,I,H,-97.435677371064
28,I,K,-96.1184302597224
28,I,L,-93.32195693386706
28,I,M,-104.29933976014695
28,I,N,-98.92831904279257
28,I,P,-97.45204016478169
28,I,Q,-93.50538900954933
28,I,R,-100.18251950192666
28,I,S,-96.5880038926532
28,I,T,-102.22732302926158
28,I,V,-97.63537726184961
28,I,W,-101.85142065958814
28,I,Y,-95.92001368530225
29,L,A,-95.99134941140716
29,L,C,-103.9557106858125
29,L,D,-85.15942817139018
29,L,E,-102.06125474753617
29,L,F,-86.21129401380102
29,L,G,-90.54987661213113
29,L,H,-100.77174398370744
29,L,I,-101.0841196598468
29,L,K,-87.5362972581234
29,L,M,-88.12767060531576
29,L,N,-97.48976146611074
29,L,P,-98.89986327750626
29,L,Q,-101.81425398188424
29,L,R,-90.53304351124694
29,L,S,-93.6746673430938
29,L,T,-96.40188162393775
29,L,V,-92.31815069029608
29,L,W,-91.94982969522539
29,L,Y,-93.38116082857846
30,L,A,-98.47934044403638
30,L,C,-96.13829116404025
30,L,D,-97.80272666157936
30,L,E,-77.15216560770375
30,L,F,-88.4047987375003
30,L,G,-100.86144879958806
30,L,H,-92.87761859562136
30,L,I,-98.08010717789779
30,L,K,-88.00204660654975
30,L,M,-100.88438295336766
30,L,N,-103.89989604463665
30,L,P,-102.73237205117954
30,L,Q,-101.58472874538205
30,L,R,-100.73432368608991
30,L,S,-94.9182147712475
30,L,T,-90.97960812853984
30,L,V,-95.40351738426108
30,L,W,-94.11030810057645
30,L,Y,-100.62167560227414
31,L,A,-96.0740205174634
31,L,C,-103.77083360154558
31,L,D,-84.52945414715379
31,L,E,-94.03326875097838
31,L,F,-93.29947952945759
31,L,G,-101.86042353683598
31,L,H,-92.0544364524082
31,L,I,-94.5762120506476
31,L,K,-96.46720583291585
31,L,M,-98.09226772080711
31,L,N,-94.47113234798422
31,L,P,-95.09750807141518
31,L,Q,-93.57467568774496
31,L,R,-96.45649926613993
31,L,S,-99.25027254934793
31,L,T,-95.85628440858483
31,L,V,-93.13680136590222
31,L,W,-101.47134074110778
31,L,Y,-90.80333433279799
32,A,C,-99.23002416628913
32,A,D,-90.91947125951816
32,A,E,-95.17178399688493
32,A,F,-101.95137158971306
32,A,G,-84.37030523333084
32,A,H,-101.01072348611444
32,A,I,-99.03853246865788
32,A,K,-94.92937335982191
32,A,L,-102.4493581287623
32,A,M,-94.36234349512284
32,A,N,-99.18467506708924
32,A,P,-101.96650753955845
32,A,Q,-94.99562860011827
32,A,R,-103.4686051993744
32,A,S,-98.29111279457902
32,A,T,-97.82210893908257
32,A,V,-103.431304836837
32,A,W,-95.49567881246702
32,A,Y,-99.30791248839347
33,L,A,-105.9244665674488
33,L,C,-100.90184280262463
33,L,D,-96.38747157846052
33,L,E,-102.45827208226979
33,L,F,-100.3628937148199
33,L,G,-91.65753173921195
33,L,H,-93.3599078453421
33,L,I,-97.59756001299235
33,L,K,-100.45171968977849
33,L,M,-97.91541535148144
33,L,N,-105.1783983854533
33,L,P,-91.17282452821894
33,L,Q,-96.22369403752077
33,L,R,-98.97565207265097
33,L,S,-101.0842698838079
33,L,T,-96.82563073256864
33,L,V,-93.83842394882117
33,L,W,-103.27336128821565
33,L,Y,-92.15303838703755
34,I,A,-98.64170999744778
34,I,C,-90.31345371929007
34,I,D,-100.10585196237753
34,I,E,-91.54036739897816
34,I,F,-95.82514737619329
34,I,G,-102.73260493184921
34,I,H,-103.48233203159879
34,I,K,-96.73999959391057
34,I,L,-97.27700607970098
34,I,M,-97.77634537348632
34,I,N,-97.3511999186644
34,I,P,-90.59050554044899
34,I,Q,-86.6552698029214
34,I,R,-92.19898944143534
34,I,S,-96.02703205326361
34,I,T,-100.0585974863256
34,I,V,-97.8891448896232
34,I,W,-90.12733768663429
34,I,Y,-96.91031499444568
35,F,A,-94.32810566608453
35,F,C,-102.87443691931009
35,F,D,-102.77676368763338
35,F,E,-95.49079926501071
35,F,G,-99.22401060880412
35,F,H,-99.11003346992118
35,F,I,-87.16276429050356
35,F,K,-104.95977912412116
35,F,L,-83.87189702328732
35,F,M,-103.87638904507963
35,F,N,-99.5126595197363
35,F,P,-98.15113316659193
35,F,Q,-92.79900326170014
35,F,R,-88.94862888737481
35,F,S,-104.49224519872888
35,F,T,-89.64721213804961
35,F,V,-95.30521617673833
35,F,W,-89.78765196576819
35,F,Y,-104.3936836762756
36,L,A,-102.48857254222395
36,L,C,-97.04611471652015
36,L,D,-99.33614074489088
36,L,E,-88.04107847346677
36,L,F,-96.15168002336173
36,L,G,-93.92199187044105
36,L,H,-101.63514267591893
36,L,I,-96.43495893558145
36,L,K,-89.89095711826576
36,L,M,-91.8245592773066
36,L,N,-89.4384083279482
36,L,P,-93.61441974533102
36,L,Q,-100.0394205028536
36,L,R,-94.41790463754722
36,L,S,-99.3663756555469
36,L,T,-102.14057755026255
36,L,V,-103.29217779477949
36,L,W,-86.48412043548228
36,L,Y,-102.67609912910541
37,L,A,-96.36418757487598
37,L,C,-105.91617582530097
37,L,D,-91.70890073332765
37,L,E,-102.33941442554044
37,L,F,-100.07286674212367
37,L,G,-99.59670982828305
37,L,H,-97.03791834197989
37,L,I,-95.44235977989604
37,L,K,-89.07945852444533
37,L,M,-99.94312583720881
37,L,N,-92.018252075271
37,L,P,-91.2196391776614
37,L,Q,-96.4238023373602
37,L,R,-91.10494807937823
37,L,S,-93.22181029573568
37,L,T,-92.1467103719823
37,L,V,-82.40007256950008
37,L,W,-100.83837535559661
37,L,Y,-89.36634416100384
38,V,A,-97.22630471560626
38,V,C,-93.36671702181633
38,V,D,-99.19067856809033
38,V,E,-93.02664008379338
38,V,F,-91.61150062202393
38,V,G,-85.52450881760865
38,V,H,-99.67157474517785
38,V,I,-85.48235264010924
38,V,K,-99.00896652717466
38,V,L,-96.7152550810942
38,V,M,-87.39515447702621
38,V,N,-94.16379432847611
38,V,P,-97.33879087516368
38,V,Q,-96.15401759017305
38,V,R,-94.12313374216029
38,V,S,-101.39111576492593
38,V,T,-95.74495131321146
38,V,W,-92.39084690751741
38,V,Y,-101.44354918276196
39,L,A,-98.45950301047361
39,L,C,-91.06532996140635
39,L,D,-91.88412173515036
39,L,E,-98.68427865664154
39,L,F,-95.3259919588483
39,L,G,-102.89100620824411
39,L,H,-99.78516898084297
39,L,I,-96.35447327596694
39,L,K,-92.6685316855677
39,L,M,-95.8898042036513
39,L,N,-95.73438468953685
39,L,P,-102.02543124370936
39,L,Q,-99.71527165395992
39,L,R,-86.27017255679198
39,L,S,-98.90885894319547
39,L,T,-100.03685385307057
39,L,V,-97.24961785481747
39,L,W,-102.98618695996612
39,L,Y,-96.39741958403073
40,L,A,-95.56153529880083
40,L,C,-97.94582051286903
40,L,D,-85.82988974283086
40,L,E,-95.78149071033556
40,L,F,-104.70981037692309
40,L,G,-93.94827322332782
40,L,H,-96.6391147973049
40,L,I,-97.6883117722366
40,L,K,-94.55780923003203
40,L,M,-93.42401860985353
40,L,N,-93.84068943095633
40,L,P,-94.14771756961187
40,L,Q,-103.28041677334994
40,L,R,-95.48642127351383
40,L,S,-105.17096210041933
40,L,T,-97.10966390259165
40,L,V,-105.01351186318954
40,L,W,-98.33971336151569
40,L,Y,-102.08200635181015
41,D,A,-95.37979928140697
41,D,C,-96.24533644775056
41,D,E,-103.68441330157128
41,D,F,-89.68515953508421
41,D,G,-92.78999530630739
41,D,H,-93.0055292954936
41,D,I,-101.8919139376357
41,D,K,-90.1519855205076
41,D,L,-93.352215753716
41,D,M,-76.74668824490459
41,D,N,-97.96769814232493
41,D,P,-102.81519754378377
41,D,Q,-95.30978565436288
41,D,R,-101.51323761369065
41,D,S,-102.70249558932352
41,D,T,-92.4805470173714
41,D,V,-94.72426808905794
41,D,W,-86.71945054376954
41,D,Y,-90.73964440881224
42,Y,A,-95.54233668193501
42,Y,C,-99.84472472067529
42,Y,D,-98.94103596759703
42,Y,E,-95.89316483288104
42,Y,F,-103.9090378446831
42,Y,G,-96.92590318561031
42,Y,H,-97.91748069308545
42,Y,I,-101.80811300889889
42,Y,K,-86.76100442801629
42,Y,L,-104.7957750421233
42,Y,M,-98.41144249457375
42,Y,N,-98.7810790780697
42,Y,P,-92.05256626740584
42,Y,Q,-96.82963782407131
42,Y,R,-93.3347685577624
42,Y,S,-98.18229193964578
42,Y,T,-97.75161049836669
42,Y,V,-97.4454079871607
42,Y,W,-92.53784618366018
43,Q,A,-95.920728385372
43,Q,C,-94.52042982551501
43,Q,D,-101.86319066373113
43,Q,E,-103.49062732735052
43,Q,F,-102.01791521423752
43,Q,G,-97.99083843931999
43,Q,H,-96.93242094672223
43,Q,I,-93.04366090679588
43,Q,K,-103.20137845909619
43,Q,L,-93.85694444088927
43,Q,M,-92.05659412521322
43,Q,N,-99.41956188791437
43,Q,P,-100.09532441813923
43,Q,R,-98.87145227620084
43,Q,S,-100.60088163043872
43,Q,T,-90.93322271176407
43,Q,V,-95.23931296215352
43,Q,W,-92.8199415948701
43,Q,Y,-102.52850508265624
44,G,A,-91.61697309308681
44,G,C,-99.6874286996935
44,G,D,-102.59807514324427
44,G,E,-100.51495229370738
44,G,F,-95.30597223530344
44,G,H,-93.81354809377399
44,G,I,-96.57997096248852
44,G,K,-101.22584795588654
44,G,L,-93.80438005182634
44,G,M,-98.31634498299684
44,G,N,-95.91036774845696
44,G,P,-88.46820265948287
44,G,Q,-101.48446821418406
44,G,R,-104.53863215233207
44,G,S,-91.9726586508308
44,G,T,-95.00279923097088
44,G,V,-95.80307358694398
44,G,W,-96.86992126540468
44,G,Y,-83.08698352847813
45,M,A,-94.68769375343834
45,M,C,-91.58622169999018
45,M,D,-100.68515445201103
45,M,E,-101.17099901275014
45,M,F,-102.9839911438504
45,M,G,-96.60069145025375
45,M,H,-96.92471648157198
45,M,I,-97.3361381390942
45,M,K,-99.54929705741796
45,M,L,-97.12088825877152
45,M,N,-90.98819658754081
45,M,P,-96.25482316043787
45,M,Q,-95.42553747268266
45,M,R,-92.58984477809071
45,M,S,-106.53514597950732
45,M,T,-100.46481419073586
45,M,V,-99.64811875768044
45,M,W,-89.04776211795127
45,M,Y,-97.52149704536339
46,L,A,-90.22354097406696
46,L,C,-98.66893233297657
46,L,D,-94.69656414705884
46,L,E,-98.29771752814372
46,L,F,-95.87829775889105
46,L,G,-98.16244903050205
46,L,H,-99.10601711745358
46,L,I,-98.37237858004795
46,L,K,-99.93267585712732
46,L,M,-94.72439874925067
46,L,N,-90.4640843252293
46,L,P,-92.40379995626927
46,L,Q,-107.01066743766012
46,L,R,-85.51201408153838
46,L,S,-96.847868948506
46,L,T,-98.2878500339657
46,L,V,-92.09552728176942
46,L,W,-93.92646585582622
46,L,Y,-94.6832846406528
47,P,A,-82.92793640967909
47,P,C,-96.92480935567909
47,P,D,-102.98802616718154
47,P,E,-105.33508082665145
47,P,F,-96.53923767205288
47,P,G,-93.69085205903986
47,P,H,-91.5178111632365
47,P,I,-96.54316349735149
47,P,K,-92.30661979199203
47,P,L,-95.1393731400654
47,P,M,-104.24992641452502
47,P,N,-91.8327905065886
47,P,Q,-99.20614896489337
47,P,R,-97.71170298756937
47,P,S,-93.08331723459179
47,P,T,-100.37896910758013
47,P,V,-104.03905589079767
47,P,W,-91.45474236223191
47,P,Y,-89.48892443885393
48,V,A,-96.35300615439814
48,V,C,-100.14809554555666
48,V,D,-98.84367456850936
48,V,E,-97.00801010946793
48,V,F,-94.11985208998561
48,V,G,-99.9919115508232
48,V,H,-87.58733306381379
48,V,I,-99.90004470114764
48,V,K,-103.50603403731748
48,V,L,-97.39175784524991
48,V,M,-95.68587523185113
48,V,N,-83.45658292012376
48,V,P,-99.54182473185602
48,V,Q,-76.55720046821352
48,V,R,-99.48910817239664
48,V,S,-92.80205079740904
48,V,T,-96.70515217477873
48,V,W,-99.56299016614554
48,V,Y,-83.05843021483673
49,C,A,-105.56255419646885
49,C,D,-92.71419770033833
49,C,E,-92.31308781297366
49,C,F,-97.56302361452026
49,C,G,-95.87474848350342
49,C,H,-103.10301603627988
49,C,I,-99.40495998297052
49,C,K,-96.77438259838362
49,C,L,-77.36527347801547
49,C,M,-72.35289277715503
49,C,N,-104.38008089198541
49,C,P,-91.84457319277954
49,C,Q,-83.4686433616306
49,C,R,-94.25924417367372
49,C,S,-94.29828661019292
49,C,T,-96.36941808986325
49,C,V,-93.3475491439774
49,C,W,-84.64673856381131
49,C,Y,-103.88063716587624
50,P,A,-95.0106533923747
50,P,C,-100.50928280482782
50,P,D,-103.94832117767515
50,P,E,-104.9585436261487
50,P,F,-98.70314702677348
50,P,G,-93.8480827114592
50,P,H,-99.74371437165252
50,P,I,-91.16945204902947
50,P,K,-96.431433781897
50,P,L,-93.1178722849578
50,P,M,-101.25354238142631
50,P,N,-100.46643213254367
50,P,Q,-102.98536210232714
50,P,R,-74.84386673921796
50,P,S,-97.0431111366002
50,P,T,-86.49147880175622
50,P,V,-95.97547205610329
50,P,W,-86.76456920320919
50,P,Y,-101.47714191034936
51,L,A,-100.1813725749156
51,L,C,-97.34252640516274
51,L,D,-104.57368992314531
51,L,E,-90.43133351770996
51,L,F,-99.75161560279162
51,L,G,-99.3666036450706
51,L,H,-100.35323324455533
51,L,I,-101.00591731152917
51,L,K,-91.85665186302191
51,L,M,-105.65042187651477
51,L,N,-100.81918763032729
51,L,P,-99.54773932038341
51,L,Q,-98.98858788792518
51,L,R,-99.90262496779388
51,L,S,-92.44939493299592
51,L,T,-90.70485744222293
51,L,V,-96.85536474778002
51,L,W,-90.64475062407911
51,L,Y,-84.41206641898356
52,I,A,-100.69391059370139
52,I,C,-95.76072485945446
52,I,D,-103.46419037102334
52,I,E,-103.46415568142805
52,I,F,-103.09686207170444
52,I,G,-85.39470537953906
52,I,H,-92.6598868221152
52,I,K,-97.93013912478017
52,I,L,-95.84363449051847
52,I,M,-91.40260339447008
52,I,N,-97.53530493246524
52,I,P,-97.94007733014342
52,I,Q,-83.3264876145746
52,I,R,-93.74335580427163
52,I,S,-103.45918457757779
52,I,T,-94.99739855732997
52,I,V,-87.68946868652989
52,I,W,-94.5145453159721
52,I,Y,-98.44888948237934
53,P,A,-100.28777947029477
53,P,C,-96.52326887088918
53,P,D,-105.2817910220632
53,P,E,-101.25422754887182
53,P,F,-97.53831706489808
53,P,G,-100.13922049778529
53,P,H,-89.04998600985067
53,P,I,-96.6430676010715
53,P,K,-93.92343279872944
53,P,L,-98.66934786651626
53,P,M,-95.49775935870235
53,P,N,-97.41793320354316
53,P,Q,-101.65378125295422
53,P,R,-97.05730896750742
53,P,S,-105.90350490309623
53,P,T,-103.14743381018377
53,P,V,-101.7973483282845
53,P,W,-90.70474641289394
53,P,Y,-97.68797078146014
54,G,A,-89.518340078037
54,G,C,-88.36288876990471
54,G,D,-97.22645595090927
54,G,E,-88.36452287745061
54,G,F,-97.19225506554545
54,G,H,-92.38898080910462
54,G,I,-92.61044311026814
54,G,K,-94.9935325125677
54,G,L,-104.20035205524056
54,G,M,-99.5146821238327
54,G,N,-103.41216975194698
54,G,P,-102.34769622518627
54,G,Q,-98.12471479282476
54,G,R,-97.44743766288803
54,G,S,-93.47163938809109
54,G,T,-96.85111129822877
54,G,V,-96.99700292921682
54,G,W,-97.04626496322498
54,G,Y,-86.19001008458383
55,S,A,-103.73048527017608
55,S,C,-89.93210532940839
55,S,D,-98.4695150239209
55,S,E,-94.0642281868598
55,S,F,-98.7065304443471
55,S,G,-104.53941033647419
55,S,H,-101.9768141011171
55,S,I,-97.82841050998326
55,S,K,-96.56487812045208
55,S,L,-98.63366227188732
55,S,M,-92.91683267286243
55,S,N,-94.6521864506899
55,S,P,-98.45811491891874
55,S,Q,-93.88673647935963
55,S,R,-101.70434511390874
55,S,T,-89.86062966773687
55,S,V,-96.9265380509932
55,S,W,-88.33226513123083
55,S,Y,-100.07051135687107
56,S,A,-102.88990424098563
56,S,C,-97.94639864278889
56,S,D,-98.92431177220061
56,S,E,-101.41702714025405
56,S,F,-94.74355455108912
56,S,G,-98.45398469079748
56,S,H,-103.56955436426597
56,S,I,-100.08651744096358
56,S,K,-92.24406817392742
56,S,L,-104.3503841217011
56,S,M,-80.32124895091545
56,S,N,-96.04316189042925
56,S,P,-100.33162216688595
56,S,Q,-102.72127089623996
56,S,R,-97.24214603520238
56,S,T,-91.97217403222044
56,S,V,-94.22611845433772
56,S,W,-103.13100808461951
56,S,Y,-100.93756457393624
57,T,A,-91.12674421251455
57,T,C,-101.75168105083151
57,T,D,-93.74964790053974
57,T,E,-90.84002426527474
57,T,F,-91.32115263657073
57,T,G,-88.46336377288407
57,T,H,-92.3322050392465
57,T,I,-96.21593971395822
57,T,K,-93.24817944611749
57,T,L,-99.58823473174118
57,T,M,-93.01406877888053
57,T,N,-93.062778631617
57,T,P,-100.0942711185092
57,T,Q,-96.26978162273912
57,T,R,-96.5308178424512
57,T,S,-93.64478107867222
57,T,V,-97.75068416900098
57,T,W,-90.8794177766905
57,T,Y,-96.8593241334575
58,T,A,-94.16139971621959
58,T,C,-98.2031975957126
58,T,D,-99.3882196485369
58,T,E,-96.25489801584786
58,T,F,-92.59308477346991
58,T,G,-98.84711624895266
58,T,H,-98.13653028551118
58,T,I,-99.17204562787828
58,T,K,-106.26344734986941
58,T,L,-84.55282425383467
58,T,M,-102.10053926808962
58,T,N,-92.70363682589476
58,T,P,-87.62855556506508
58,T,Q,-95.3231784588333
58,T,R,-97.57941003920848
58,T,S,-104.2904206272467
58,T,V,-101.55734320294385
58,T,W,-93.6370920839422
58,T,Y,-87.25423731830222
59,S,A,-96.01626196983966
59,S,C,-94.90333072690089
59,S,D,-102.964203469356
59,S,E,-93.51720862671175
59,S,F,-99.0407561693952
59,S,G,-102.09868587342686
59,S,H,-98.88684212202492
59,S,I,-96.41633603959707
59,S,K,-97.4326721568163
59,S,L,-100.940735747953
59,S,M,-94.61356826921377
59,S,N,-100.09692766014842
59,S,P,-93.88129346448136
59,S,Q,-102.25755660268982
59,S,R,-100.93700512514692
59,S,T,-90.58712487938686
59,S,V,-97.47564746720013
59,S,W,-102.22739260324113
59,S,Y,-97.80998360380931
60,T,A,-97.47520657195867
60,T,C,-94.77414592437714
60,T,D,-98.35117545519284
60,T,E,-92.47072275541723
60,T,F,-101.13837416616661
60,T,G,-101.19951157446445
60,T,H,-102.95821020164578
60,T,I,-89.28221513355027
60,T,K,-101.51259001761343
60,T,L,-94.07075133951349
60,T,M,-95.36969540934956
60,T,N,-90.96513493602117
60,T,P,-94.61136525723526
60,T,Q,-88.14340830952045
60,T,R,-100.05632728779136
60,T,S,-100.88887011087121
60,T,V,-99.57168806438585
60,T,W,-92.738696448756
60,T,Y,-95.1534481131194
61,G,A,-84.83632721219743
61,G,C,-95.22334485284478
61,G,D,-101.98113700949261
61,G,E,-72.80873866913362
61,G,F,-97.24889134854953
61,G,H,-88.38228889737559
61,G,I,-96.91006206204241
61,G,K,-92.23112367688202
61,G,L,-101.25124434931814
61,G,M,-93.38689347321349
61,G,N,-95.92046920415765
61,G,P,-96.59059745097801
61,G,Q,-96.2765456391781
61,G,R,-95.16062754559323
61,G,S,-95.82867607699035
61,G,T,-97.7798866819997
61,G,V,-100.49609507465021
61,G,W,-92.4056221989614
61,G,Y,-100.63937862663039
62,P,A,-89.20486378162781
62,P,C,-94.93525807984383
62,P,D,-101.73013594341927
62,P,E,-98.3539035121753
62,P,F,-93.63888259214309
62,P,G,-101.1726691158047
62,P,H,-87.54879455961793
62,P,I,-98.2155171781294
62,P,K,-98.88199028045636
62,P,L,-100.89164152837589
62,P,M,-96.22963321895128
62,P,N,-92.5514859739489
62,P,Q,-99.74242007170989
62,P,R,-95.60481285655806
62,P,S,-93.10812605832763
62,P,T,-84.91639607414533
62,P,V,-95.43363365061987
62,P,W,-99.0915461702208
62,P,Y,-93.5725243573001
63,C,A,-101.88001947829139
63,C,D,-92.75217393974356
63,C,E,-104.60098562822293
63,C,F,-101.73908538718638
63,C,G,-102.2128266844374
63,C,H,-91.52646404090314
63,C,I,-94.01825821840015
63,C,K,-94.01183956105837
63,C,L,-90.94350006052639
63,C,M,-94.78604969486366
63,C,N,-87.02472578257283
63,C,P,-92.64285919815671
63,C,Q,-100.56500399590635
63,C,R,-90.62241160559654
63,C,S,-101.09146735168287
63,C,T,-100.69688320804698
63,C,V,-100.08176194436174
63,C,W,-98.88813994092908
63,C,Y,-99.6176023967185
64,R,A,-97.78372237443091
64,R,C,-101.78111541269459
64,R,D,-90.93581860773372
64,R,E,-91.44017567771544
64,R,F,-94.42335736146316
64,R,G,-99.66255189659609
64,R,H,-88.55750301267238
64,R,I,-85.60869149432568
64,R,K,-87.34366006706688
64,R,L,-86.83124179799682
64,R,M,-96.10539579952251
64,R,N,-92.3724241950153
64,R,P,-99.19781935257515
64,R,Q,-103.119721704413
64,R,S,-105.54736884113788
64,R,T,-96.13366048988439
64,R,V,-104.5939008900499
64,R,W,-106.6797674566846
64,R,Y,-101.15672604188683
65,T,A,-102.68441748159881
65,T,C,-98.49631984807672
65,T,D,-88.3768683244636
65,T,E,-93.48782474129706
65,T,F,-107.22504597956527
65,T,G,-96.59989391031371
65,T,H,-98.409303935759
65,T,I,-94.5085753080383
65,T,K,-96.3500665007133
65,T,L,-99.45293357049184
65,T,M,-96.53685184547254
65,T,N,-96.73813048759837
65,T,P,-95.70143159776825
65,T,Q,-100.90934917027317
65,T,R,-100.6919393315743
65,T,S,-105.88115096275607
65,T,V,-94.38145212116405
65,T,W,-92.95656516281622
65,T,Y,-91.85870766578921
66,C,A,-95.25125615817797
66,C,D,-94.75418268903121
66,C,E,-104.11279976853308
66,C,F,-107.63432456215406
66,C,G,-83.56337633558024
66,C,H,-79.51687768887786
66,C,I,-98.54970398011926
66,C,K,-93.03821574724901
66,C,L,-98.90550514182979
66,C,M,-97.32711005228492
66,C,N,-106.16105563760834
66,C,P,-104.21379330805865
66,C,Q,-91.55147549430689
66,C,R,-101.92983345439234
66,C,S,-93.33683534803453
66,C,T,-98.00990456263582
66,C,V,-95.51539412549687
66,C,W,-92.97960469680368
66,C,Y,-99.16809042380862
67,M,A,-98.18799363871813
67,M,C,-95.26039497942793
67,M,D,-96.60114758887335
67,M,E,-94.32685613345888
67,M,F,-102.26313865076565
67,M,G,-88.6050628142707
67,M,H,-102.31010021441972
67,M,I,-101.91854250201726
67,M,K,-89.26635068242558
67,M,L,-93.45856689043273
67,M,N,-89.26002799049633
67,M,P,-95.79627720972792
67,M,Q,-95.57036258408141
67,M,R,-103.61258163128588
67,M,S,-98.23094558448355
67,M,T,-86.26581785544857
67,M,V,-99.71626753163696
67,M,W,-101.99826330623756
67,M,Y,-106.12739642644942
68,T,A,-91.9875742843073
68,T,C,-100.88547059798964
68,T,D,-95.9689146417823
68,T,E,-94.88382739876056
68,T,F,-92.16911544569052
68,T,G,-91.96860810972709
68,T,H,-100.05541416165488
68,T,I,-95.7216656251822
68,T,K,-102.28627091234966
68,T,L,-94.03420383051122
68,T,M,-98.60457089011135
68,T,N,-97.4701474039449
68,T,P,-97.89495788283563
68,T,Q,-94.0526120947145
68,T,R,-98.18350099666378
68,T,S,-92.64085162923448
68,T,V,-98.27631197699708
68,T,W,-100.26617787119278
68,T,Y,-108.47184456567703
69,T,A,-99.17205407410381
69,T,C,-90.04954806051506
69,T,D,-104.90535930931736
69,T,E,-89.04966724709038
69,T,F,-101.07469399627144
69,T,G,-94.08826393794715
69,T,H,-101.31597823150275
69,T,I,-92.52907362060506
69,T,K,-99.61746383081845
69,T,L,-100.7737151037262
69,T,M,-99.89299854152301
69,T,N,-96.73202189963263
69,T,P,-103.1299130489594
69,T,Q,-98.83695205186638
69,T,R,-103.97292878334554
69,T,S,-103.06857950815794
69,T,V,-102.55216199274179
69,T,W,-101.56852524933288
69,T,Y,-97.35214232689725
70,A,C,-97.5218881659797
70,A,D,-103.46899429379488
70,A,E,-95.60878963471924
70,A,F,-102.20530413442452
70,A,G,-77.6198185256738
70,A,H,-96.24368339310234
70,A,I,-98.84185616912663
70,A,K,-97.48636567443197
70,A,L,-98.585618231306
70,A,M,-95.39306122021202
70,A,N,-96.5491337435891
70,A,P,-99.89777621975782
70,A,Q,-103.4279594236495
70,A,R,-89.10528382159782
70,A,S,-93.9601961347405
70,A,T,-101.54239382844122
70,A,V,-98.61949143296317
70,A,W,-98.510810894195
70,A,Y,-101.08537984106664
71,Q,A,-97.33297583110516
71,Q,C,-98.18941167535212
71,Q,D,-93.56950242447999
71,Q,E,-90.41074676214163
71,Q,F,-90.04807828309725
71,Q,G,-101.44744522311208
71,Q,H,-95.64675259113909
71,Q,I,-103.67361312030039
71,Q,K,-90.06175260847954
71,Q,L,-105.05029649209314
71,Q,M,-97.20490377191618
71,Q,N,-89.05308725243981
71,Q,P,-103.81260648718131
71,Q,R,-98.63280779449474
71,Q,S,-94.68582637320867
71,Q,T,-92.9799300502196
71,Q,V,-93.67971205574929
71,Q,W,-89.88334154916839
71,Q,Y,-95.28752225429304
72,G,A,-91.03757441169716
72,G,C,-97.26369205951397
72,G,D,-97.62098470548176
72,G,E,-89.67801058317798
72,G,F,-99.6728089365792
72,G,H,-83.59056677406562
72,G,I,-94.29128899185883
72,G,K,-96.22241835256074
72,G,L,-100.69818224411563
72,G,M,-91.73112237548315
72,G,N,-102.1986574632495
72,G,P,-99.69033927445344
72,G,Q,-94.8266760063425
72,G,R,-93.56993316148322
72,G,S,-94.97372546370059
72,G,T,-93.9104857480641
72,G,V,-92.03626422552344
72,G,W,-91.77162890990434
72,G,Y,-101.91439546547281
73,T,A,-89.69382566734743
73,T,C,-85.39601775472306
73,T,D,-95.15401637633965
73,T,E,-102.68055056685915
73,T,F,-86.6815143401908
73,T,G,-97.74232592784699
73,T,H,-104.34902119949385
73,T,I,-87.89447447753935
73,T,K,-99.02715772640778
73,T,L,-97.161108999757
73,T,M,-92.41932481427978
73,T,N,-91.69046191658401
73,T,P,-94.83982323198023
73,T,Q,-87.93543914340552
73,T,R,-95.53348032312584
73,T,S,-87.02950284712784
73,T,V,-96.77179546757083
73,T,W,-84.92428667749658
73,T,Y,-87.4117632486944
74,S,A,-84.98272175212594
74,S,C,-94.44562318890388
74,S,D,-101.56443593275333
74,S,E,-94.67115814958345
74,S,F,-99.32034682326434
74,S,G,-102.99270272541344
74,S,H,-103.61169531096454
74,S,I,-98.46124117834376
74,S,K,-87.45251619146165
74,S,L,-97.0589308274873
74,S,M,-94.29914943027262
74,S,N,-66.97300331715115
74,S,P,-93.12198777423629
74,S,Q,-99.97522690978172
74,S,R,-102.7443498861237
74,S,T,-91.62754121485881
74,S,V,-102.64060421249366
74,S,W,-98.27639617928668
74,S,Y,-87.97757916213493
75,M,A,-95.8232985964076
75,M,C,-91.29307976294831
75,M,D,-96.15013742581425
75,M,E,-95.8406499548617
75,M,F,-94.03263357938732
75,M,G,-97.29171874235158
75,M,H,-96.79982741441376
75,M,I,-88.95134577827287
75,M,K,-99.94489413809652
75,M,L,-99.7153857516663
75,M,N,-98.42473034187486
75,M,P,-99.60159009437456
75,M,Q,-95.33625494860843
75,M,R,-100.20519227679051
75,M,S,-90.22932623662103
75,M,T,-98.99394227005001
75,M,V,-94.39403484401396
75,M,W,-91.09638032025441
75,M,Y,-93.83056331891402
76,Y,A,-98.78100943045541
76,Y,C,-99.23863534545575
76,Y,D,-103.67230003206902
76,Y,E,-93.36114969636776
76,Y,F,-103.15593349788912
76,Y,G,-98.5273907219352
76,Y,H,-98.03863650616273
76,Y,I,-97.33273528911917
76,Y,K,-102.57973589156984
76,Y,L,-93.2164519828508
76,Y,M,-100.397974538928
76,Y,N,-82.28781697503547
76,Y,P,-96.84844508805321
76,Y,Q,-95.59149088680124
76,Y,R,-101.96008007844148
76,Y,S,-98.12265389064942
76,Y,T,-86.12639369152197
76,Y,V,-96.11944545054178
76,Y,W,-97.749076124368
77,P,A,-99.84764076322745
77,P,C,-95.7700118079506
77,P,D,-87.11092662185808
77,P,E,-86.4822073863196
77,P,F,-92.07739993930142
77,P,G,-97.65517993743185
77,P,H,-100.53793401760231
77,P,I,-94.56735585553287
77,P,K,-95.93720772577336
77,P,L,-100.96001393715346
77,P,M,-91.88009631461904
77,P,N,-94.53137176210612
77,P,Q,-104.67782679740088
77,P,R,-98.88912917602181
77,P,S,-99.21435632687809
77,P,T,-82.52579983957116
77,P,V,-93.0138616217601
77,P,W,-102.56771428809532
77,P,Y,-101.31126679785984
78,S,A,-94.34315954852099
78,S,C,-93.34804169657104
78,S,D,-100.1328098053188
78,S,E,-96.45086214033068
78,S,F,-100.53610736186539
78,S,G,-97.95118597932009
78,S,H,-98.41315460650259
78,S,I,-101.4265564596634
78,S,K,-98.47699112766742
78,S,L,-89.42465502357999
78,S,M,-102.14945477661621
78,S,N,-90.37382836501871
78,S,P,-95.5941487424625
78,S,Q,-97.20759253741636
78,S,R,-97.1611737513802
78,S,T,-94.14159106534828
78,S,V,-99.55308790191145
78,S,W,-99.2730472487201
78,S,Y,-93.51519680121407
79,C,A,-96.94981019881726
79,C,D,-94.90995606068026
79,C,E,-101.34788629539071
79,C,F,-99.02503299828146
79,C,G,-94.45257947432111
79,C,H,-89.7994673604585
79,C,I,-97.52751298758676
79,C,K,-93.9109667958453
79,C,L,-100.77482389467127
79,C,M,-95.86598758465504
79,C,N,-97.78420937802986
79,C,P,-90.91204174575245
79,C,Q,-95.34777287748472
79,C,R,-99.75071139688401
79,C,S,-97.2068666709776
79,C,T,-102.21635357047217
79,C,V,-94.08190762960106
79,C,W,-95.22386262239291
79,C,Y,-89.9473606869978
80,C,A,-97.13015258969489
80,C,D,-102.3673654141885
80,C,E,-82.62942901667782
80,C,F,-95.86474479458627
80,C,G,-82.71765539228022
80,C,H,-102.58988481526274
80,C,I,-95.85995233205813
80,C,K,-94.97179187694792
80,C,L,-99.76034378433741
80,C,M,-100.4574004187283
80,C,N,-102.47621591891652
80,C,P,-101.64723985160322
80,C,Q,-104.85401560838415
80,C,R,-98.4047945306292
80,C,S,-96.50116084102604
80,C,T,-104.94749941405922
80,C,V,-97.27166233869303
80,C,W,-92.21681819479221
80,C,Y,-87.77203820636595
81,C,A,-101.46861748068585
81,C,D,-101.7536494821585
81,C,E,-100.42674141275097
81,C,F,-95.21064771691482
81,C,G,-91.91702030683786
81,C,H,-96.3924084497188
81,C,I,-90.98956834471483
81,C,K,-92.4618129367339
81,C,L,-100.79917853924405
81,C,M,-96.33445573096759
81,C,N,-99.35275998760358
81,C,P,-97.16880712015109
81,C,Q,-98.69682102955551
81,C,R,-95.0345679718638
81,C,S,-91.84648143547304
81,C,T,-96.7334616944155
81,C,V,-101.69956894124499
81,C,W,-89.5423973898408
81,C,Y,-92.42027841845857
82,T,A,-104.79255611357058
82,T,C,-100.59960704815035
82,T,D,-99.97371201363006
82,T,E,-99.92644119400683
82,T,F,-96.93046171212814
82,T,G,-103.04926695976405
82,T,H,-99.32871621297522
82,T,I,-94.61044672362561
82,T,K,-85.93685654972779
82,T,L,-104.15934577122232
82,T,M,-90.81898069587652
82,T,N,-93.8647230686804
82,T,P,-100.94591663060697
82,T,Q,-97.17157232658741
82,T,R,-101.2211700495883
82,T,S,-92.8621001478715
82,T,V,-88.98980612224415
82,T,W,-99.56251461429667
82,T,Y,-95.67331030810004
83,K,A,-100.70632064408278
83,K,C,-92.37654949116063
83,K,D,-101.6104352932503
83,K,E,-99.80486968608488
83,K,F,-100.94884624355757
83,K,G,-100.26527222738196
83,K,H,-89.17409360030672
83,K,I,-95.63189074793672
83,K,L,-81.76889760537745
83,K,M,-100.10523923590955
83,K,N,-84.76545589441372
83,K,P,-101.01712758051787
83,K,Q,-100.03166375483869
83,K,R,-105.23822900619916
83,K,S,-93.06442445495827
83,K,T,-97.73147217905716
83,K,V,-96.3853020967112
83,K,W,-82.33146446624778
83,K,Y,-94.8903163304634
84,P,A,-97.41552914003796
84,P,C,-95.55149534803928
84,P,D,-81.96390474864052
84,P,E,-94.78599458366091
84,P,F,-100.15491557533096
84,P,G,-98.74948306586668
84,P,H,-101.6024763338695
84,P,I,-94.00928143712031
84,P,K,-97.91234668649929
84,P,L,-98.33471213131747
84,P,M,-103.20550006597364
84,P,N,-90.4227366219431
84,P,Q,-93.86347977940716
84,P,R,-101.90030252858651
84,P,S,-97.84222311558648
84,P,T,-99.2979637014273
84,P,V,-90.78365361075919
84,P,W,-91.57472141540762
84,P,Y,-94.85072255383756
85,S,A,-95.62321881358741
85,S,C,-100.62529795887264
85,S,D,-96.61098984590882
85,S,E,-102.74990727391565
85,S,F,-94.34520989522088
85,S,G,-98.23711292280865
85,S,H,-102.46204776787772
85,S,I,-98.92765563688658
85,S,K,-93.475671141985
85,S,L,-97.46088420844382
85,S,M,-100.56190423118153
85,S,N,-90.84264518196443
85,S,P,-95.44904578318818
85,S,Q,-97.01395051787904
85,S,R,-97.29400766617528
85,S,T,-93.6589067300443
85,S,V,-99.67220519606303
85,S,W,-103.08357289482154
85,S,Y,-90.24408497571477
86,D,A,-67.44719772973605
86,D,C,-103.19451209317589
86,D,E,-89.33505593636801
86,D,F,-100.90578754892385
86,D,G,-96.58482021411015
86,D,H,-94.39174699292363
86,D,I,-94.31376156834318
86,D,K,-91.01269328881045
86,D,L,-93.01883060380624
86,D,M,-103.6248973533738
86,D,N,-91.4223270718607
86,D,P,-103.90317585028612
86,D,Q,-99.56344638266438
86,D,R,-94.92693908369716
86,D,S,-87.75439404822998
86,D,T,-102.78279250865864
86,D,V,-101.35542180879423
86,D,W,-103.20798107996563
86,D,Y,-100.64956367234589
87,G,A,-93.48854674707763
87,G,C,-95.01271728249753
87,G,D,-94.32110490478186
87,G,E,-99.92471040591317
87,G,F,-99.47925415226968
87,G,H,-95.77890388447224
87,G,I,-89.70316357806286
87,G,K,-94.97081082166426
87,G,L,-102.85489621119802
87,G,M,-100.99379628979693
87,G,N,-98.05518898384139
87,G,P,-97.59383766947155
87,G,Q,-85.4253519038732
87,G,R,-97.69088717876036
87,G,S,-96.27910553223484
87,G,T,-89.79206997642655
87,G,V,-103.9148879917031
87,G,W,-94.13425482989823
87,G,Y,-102.60582406794794
88,N,A,-95.69888692076728
88,N,C,-98.63024773847121
88,N,D,-86.11843453169445
88,N,E,-82.69348427219035
88,N,F,-92.60473793585237
88,N,G,-96.6457247263881
88,N,H,-98.79511310176213
88,N,I,-98.11660555203463
88,N,K,-95.21016264242684
88,N,L,-97.11506910035388
88,N,M,-94.48904153286503
88,N,P,-96.29109687008332
88,N,Q,-100.19866114171134
88,N,R,-91.58637966407088
88,N,S,-103.07311337840946
88,N,T,-99.38352754341855
88,N,V,-98.64587096949657
88,N,W,-97.91128766988015
88,N,Y,-93.12502636718563
89,C,A,-97.93646605884902
89,C,D,-87.01708958019242
89,C,E,-84.54986267985333
89,C,F,-75.92213765440363
89,C,G,-93.95510101001344
89,C,H,-102.80224565249233
89,C,I,-88.13374690682429
89,C,K,-102.45723873043028
89,C,L,-91.64277438503478
89,C,M,-94.61322387017515
89,C,N,-105.9987401201692
89,C,P,-94.554992810322
89,C,Q,-103.73949127197892
89,C,R,-101.18734560687483
89,C,S,-96.53589755029492
89,C,T,-96.74252052955262
89,C,V,-108.45383138381726
89,C,W,-97.95937742165478
89,C,Y,-98.38610935822601
90,T,A,-96.71849779978317
90,T,C,-94.71231939156513
90,T,D,-102.44859924724148
90,T,E,-83.91973246555494
90,T,F,-100.2026231189912
90,T,G,-90.90553919445978
90,T,H,-91.33252205889147
90,T,I,-88.78844940866202
90,T,K,-90.06461470067171
90,T,L,-98.40450223408419
90,T,M,-95.60350555839358
90,T,N,-101.69709933835759
90,T,P,-106.26294254732107
90,T,Q,-97.17176293125402
90,T,R,-100.78779247935995
90,T,S,-94.7048689172533
90,T,V,-108.04442530327083
90,T,W,-100.45600332650861
90,T,Y,-98.68470468971486
91,C,A,-94.61466397732335
91,C,D,-97.23144992382464
91,C,E,-106.05921810333945
91,C,F,-98.53682093239439
91,C,G,-92.29599390223723
91,C,H,-98.92235914736494
91,C,I,-96.21399093887834
91,C,K,-99.94622920958909
91,C,L,-89.85107195198503
91,C,M,-100.63325925455479
91,C,N,-88.798855204973
91,C,P,-98.63438309652719
91,C,Q,-95.93058202930615
91,C,R,-102.60452186055505
91,C,S,-99.51522374953055
91,C,T,-93.30852495951234
91,C,V,-97.43919056126549
91,C,W,-97.41049703637987
91,C,Y,-97.58143399350894
92,I,A,-98.12908941777033
92,I,C,-99.79391193435146
92,I,D,-92.30737658419503
92,I,E,-103.03125885818542
92,I,F,-92.16986088140283
92,I,G,-93.21974489011427
92,I,H,-95.22753888127431
92,I,K,-99.13795646584515
92,I,L,-92.38996274792413
92,I,M,-101.33022472218045
92,I,N,-98.95139011962499
92,I,P,-96.45826841205536
92,I,Q,-105.29505724681519
92,I,R,-100.32671001523448
92,I,S,-95.8147637321577
92,I,T,-84.46538558304474
92,I,V,-85.1184310209353
92,I,W,-88.00842582816625
92,I,Y,-95.79660894259916
93,P,A,-92.77978750046799
93,P,C,-99.64184053686284
93,P,D,-82.60801799947365
93,P,E,-95.81859058032381
93,P,F,-89.41556352060212
93,P,G,-93.15478255834779
93,P,H,-101.97925437120699
93,P,I,-100.12747899353934
93,P,K,-97.02523513460363
93,P,L,-101.75435673118989
93,P,M,-104.15336019613596
93,P,N,-99.60016048790976
93,P,Q,-94.63995346019954
93,P,R,-101.15060682706985
93,P,S,-90.66277072173648
93,P,T,-91.77785579540745
93,P,V,-100.77549178256459
93,P,W,-96.46222397323362
93,P,Y,-86.56674747881294
94,I,A,-93.30718174373078
94,I,C,-101.49015769724406
94,I,D,-97.24565467452675
94,I,E,-88.01937656913577
94,I,F,-102.6068715790243
94,I,G,-95.56034814621103
94,I,H,-100.96582412634979
94,I,K,-103.19453644566352
94,I,L,-98.24156248362533
94,I,M,-94.95424600262766
94,I,N,-98.11392372141574
94,I,P,-100.29972017594844
94,I,Q,-91.17884445114817
94,I,R,-96.57564517070347
94,I,S,-100.20790927302636
94,I,T,-85.99630503108216
94,I,V,-97.96544581363804
94,I,W,-94.22719269745397
94,I,Y,-89.71038603921323
95,P,A,-86.78167551872889
95,P,C,-98.75738875364567
95,P,D,-90.05017020715724
95,P,E,-94.80400815692872
95,P,F,-88.04859564399464
95,P,G,-94.95376758799881
95,P,H,-91.27441244774678
95,P,I,-81.50688780929283
95,P,K,-95.7052990817449
95,P,L,-90.36168736372372
95,P,M,-88.8609178250934
95,P,N,-90.01077831696398
95,P,Q,-101.04662316580283
95,P,R,-88.74756144633739
95,P,S,-92.81670076944204
95,P,T,-98.81607992033014
95,P,V,-96.76056177792998
95,P,W,-82.1481683786352
95,P,Y,-103.87207924846393
96,S,A,-98.5487484670112
96,S,C,-98.54238796043694
96,S,D,-99.33173330634986
96,S,E,-98.93336009557015
96,S,F,-103.93525778355644
96,S,G,-96.27192188386749
96,S,H,-100.7045902320159
96,S,I,-98.01883771634903
96,S,K,-108.20036745477609
96,S,L,-102.4573231140534
96,S,M,-98.10400065674656
96,S,N,-90.6915243899357
96,S,P,-100.08386318974794
96,S,Q,-88.52932093039385
96,S,R,-97.89379503382253
96,S,T,-96.12176451263593
96,S,V,-92.29140352063547
96,S,W,-98.34425119313073
96,S,Y,-99.70753420669342
97,S,A,-93.24229488712814
97,S,C,-90.63649228375505
97,S,D,-90.4493561326014
97,S,E,-93.01024715119866
97,S,F,-95.31917106953591
97,S,G,-110.01448878926493
97,S,H,-99.51632721018228
97,S,I,-91.092268981877
97,S,K,-93.78586781603684
97,S,L,-92.0609598142683
97,S,M,-99.81162075889125
97,S,N,-102.61685207472226
97,S,P,-100.7314836489216
97,S,Q,-96.08151807122277
97,S,R,-94.80051780209192
97,S,T,-90.49015047488308
97,S,V,-98.08288221750843
97,S,W,-89.75871342357345
97,S,Y,-95.61299536112148
98,W,A,-99.17659243910259
98,W,C,-104.32509182796468
98,W,D,-100.90324887242781
98,W,E,-96.43347376839563
98,W,F,-90.02752324125868
98,W,G,-96.24676706760738
98,W,H,-95.42698900298359
98,W,I,-80.99422406007136
98,W,K,-100.17689982626979
98,W,L,-102.62538398804674
98,W,M,-96.17341075270298
98,W,N,-90.34505311416035
98,W,P,-91.9238854155546
98,W,Q,-96.35121817914745
98,W,R,-92.80237230781393
98,W,S,-95.9772865258235
98,W,T,-99.11898004512221
98,W,V,-87.6635667722528
98,W,Y,-99.55173592247814
99,A,C,-98.55665837365439
99,A,D,-98.8965941658609
99,A,E,-97.87964457327041
99,A,F,-96.73783391225771
99,A,G,-87.92165127626197
99,A,H,-80.80930104265155
99,A,I,-91.28819269135391
99,A,K,-104.28006856409365
99,A,L,-54.73966166422866
99,A,M,-99.22328466597651
99,A,N,-99.94785151667776
99,A,P,-90.90845289291218
99,A,Q,-89.17254595531512
99,A,R,-104.46054895711575
99,A,S,-96.07880724150954
99,A,T,-92.18851502725835
99,A,V,-96.65606477021976
99,A,W,-102.48274854837092
99,A,Y,-93.51252539965537
100,F,A,-89.34950237921976
100,F,C,-94.13327471546205
100,F,D,-99.45079911334057
100,F,E,-105.06605852559494
100,F,G,-93.38105750572811
100,F,H,-88.5676120659067
100,F,I,-103.37155875604418
100,F,K,-94.49886213297384
100,F,L,-96.62066715462339
100,F,M,-100.56058658816073
100,F,N,-94.89575397351393
100,F,P,-100.85405584847956
100,F,Q,-103.44561965844849
100,F,R,-100.56717140452588
100,F,S,-94.14119423115932
100,F,T,-98.28235175563651
100,F,V,-101.72237675316018
100,F,W,-90.71313225868363
100,F,Y,-93.8320157530024
101,G,A,-101.86692966047963
101,G,C,-99.67815669509247
101,G,D,-103.00037361867192
101,G,E,-99.2085272144297
101,G,F,-100.18689042305493
101,G,H,-92.18191631771657
101,G,I,-95.89787239164531
101,G,K,-99.42421644809144
101,G,L,-80.1148229197592
101,G,M,-90.81042242379243
101,G,N,-100.11752314519384
101,G,P,-99.91085394571797
101,G,Q,-99.38863023299547
101,G,R,-97.66503174104531
101,G,S,-93.16192060920685
101,G,T,-93.07714577963503
101,G,V,-102.05080693110546
101,G,W,-93.63391472963957
101,G,Y,-103.14620203063583
102,K,A,-103.47478342398449
102,K,C,-103.5514823822075
102,K,D,-104.81710362289277
102,K,E,-93.52266001007206
102,K,F,-95.74261907049691
102,K,G,-104.518854233573
102,K,H,-90.23338488980869
102,K,I,-96.9862486865976
102,K,L,-96.65012705072485
102,K,M,-103.39728127864674
102,K,N,-101.36333960492243
102,K,P,-98.48967815751655
102,K,Q,-98.19996918294129
102,K,R,-93.6267276675269
102,K,S,-99.18002432883611
102,K,T,-102.40288314710796
102,K,V,-94.35557602627443
102,K,W,-87.145760062801
102,K,Y,-97.52066655171245
103,F,A,-91.58823011899494
103,F,C,-90.5182782900385
103,F,D,-98.16780722612486
103,F,E,-83.59503655648194
103,F,G,-106.08097240130633
103,F,H,-97.80139755731722
103,F,I,-101.5635376259437
103,F,K,-94.29329919541641
103,F,L,-103.60852638949774
103,F,M,-101.33217458254825
103,F,N,-100.78748890716867
103,F,P,-102.6618092545861
103,F,Q,-104.69376945827838
103,F,R,-105.84267500960073
103,F,S,-88.64098374997252
103,F,T,-96.28792678629367
103,F,V,-91.66076036433651
103,F,W,-101.23957990964834
103,F,Y,-91.6455273639761
104,L,A,-103.63412267908103
104,L,C,-99.6289009593898
104,L,D,-90.6834743491022
104,L,E,-105.69164550619831
104,L,F,-102.02919191126472
104,L,G,-94.77849550700233
104,L,H,-103.87333842610951
104,L,I,-85.38000146255717
104,L,K,-69.81046025407414
104,L,M,-101.9317317912845
104,L,N,-96.94872605248077
104,L,P,-92.9050510999229
104,L,Q,-93.87308172893825
104,L,R,-101.00992753977738
104,L,S,-97.62353882201086
104,L,T,-103.20081860790884
104,L,V,-98.62110682722454
104,L,W,-83.22562297710851
104,L,Y,-87.79609679956621
105,W,A,-101.66472134610535
105,W,C,-83.4282464110155
105,W,D,-93.11112693443476
105,W,E,-93.44057693328989
105,W,F,-95.93122723638612
105,W,G,-85.85417804682663
105,W,H,-91.89217907323052
105,W,I,-94.62381696371102
105,W,K,-91.21030486064558
105,W,L,-90.02915835706199
105,W,M,-93.40976679835467
105,W,N,-96.86064614383275
105,W,P,-78.5129879723782
105,W,Q,-99.36935006856402
105,W,R,-90.75116638647711
105,W,S,-98.37057247482431
105,W,T,-95.62794495340705
105,W,V,-90.33281266202886
105,W,Y,-94.0388741942275
106,E,A,-92.21923564094038
106,E,C,-100.17967762602274
106,E,D,-87.55696652270274
106,E,F,-88.40287686298302
106,E,G,-95.10027976257066
106,E,H,-100.03691315962914
106,E,I,-76.95756944464233
106,E,K,-88.40457640132223
106,E,L,-104.26929948676559
106,E,M,-101.65042139374657
106,E,N,-97.45839711638229
106,E,P,-102.12081706120398
106,E,Q,-97.12996576059447
106,E,R,-103.8453363980509
106,E,S,-96.1692445279935
106,E,T,-94.27973829351504
106,E,V,-94.37358538177648
106,E,W,-100.15165025582155
106,E,Y,-97.84909933420232
107,W,A,-100.77877696206622
107,W,C,-95.05183207305731
107,W,D,-95.40241870727328
107,W,E,-92.4299866396168
107,W,F,-98.53543871190908
107,W,G,-88.73541188747737
107,W,H,-93.90243799810787
107,W,I,-90.99554144205274
107,W,K,-96.51945963205856
107,W,L,-95.4946910056994
107,W,M,-98.67564889515262
107,W,N,-99.6794853235748
107,W,P,-99.6042352249977
107,W,Q,-105.38237832728095
107,W,R,-104.76514419956607
107,W,S,-102.9262506564346
107,W,T,-93.80607249290938
107,W,V,-87.10708722859874
107,W,Y,-95.0779351426093
108,A,C,-96.55846197917424
108,A,D,-92.63747462279935
108,A,E,-93.08630779869804
108,A,F,-93.64758736122434
108,A,G,-99.5601671113588
108,A,H,-90.68726703637424
108,A,I,-88.12525131646618
108,A,K,-101.30062364562599
108,A,L,-96.22775354569313
108,A,M,-99.91840066144232
108,A,N,-85.8988902494633
108,A,P,-98.88206769458918
108,A,Q,-91.92211558109886
108,A,R,-99.57020180875372
108,A,S,-93.66740263276006
108,A,T,-96.4399886457474
108,A,V,-95.77957064171812
108,A,W,-95.67912729347802
108,A,Y,-98.03340651834219
109,S,A,-100.29831777492865
109,S,C,-101.22547405050722
109,S,D,-94.1148428956459
109,S,E,-97.44876866958566
109,S,F,-97.83443331391601
109,S,G,-95.43211047354282
109,S,H,-89.71230792831506
109,S,I,-104.89781588849343
109,S,K,-93.62034819713926
109,S,L,-89.48464811038292
109,S,M,-100.35908953195121
109,S,N,-101.15132989285132
109,S,P,-88.80616875226252
109,S,Q,-94.14467527402377
109,S,R,-97.02508404712506
109,S,T,-97.63917406602326
109,S,V,-101.0503497777928
109,S,W,-96.06344664887581
109,S,Y,-99.32496738887022
110,A,C,-101.72861792364506
110,A,D,-97.3987212958682
110,A,E,-91.65496510812432
110,A,F,-93.56709708526716
110,A,G,-107.43733341028462
110,A,H,-93.16457962339092
110,A,I,-90.76187235742498
110,A,K,-97.3895001585858
110,A,L,-96.73579820175684
110,A,M,-95.36326653257055
110,A,N,-96.54969976243717
110,A,P,-93.73745618374227
110,A,Q,-99.81435393859266
110,A,R,-95.93110412503518
110,A,S,-94.02072561722554
110,A,T,-101.57290837850888
110,A,V,-100.82347434657243
110,A,W,-92.03735288766296
110,A,Y,-95.58964919092278
111,R,A,-96.35036018898626
111,R,C,-93.46543000534638
111,R,D,-98.0527056087547
111,R,E,-85.19325795872874
111,R,F,-100.05950136356068
111,R,G,-87.7559526137332
111,R,H,-99.43714999489458
111,R,I,-95.70084958632674
111,R,K,-96.64256703990566
111,R,L,-95.79356315501889
111,R,M,-97.39922463701873
111,R,N,-85.62805748809933
111,R,P,-86.48941984331833
111,R,Q,-95.87592085523312
111,R,S,-99.99908305313022
111,R,T,-96.09002028645585
111,R,V,-99.99516313094949
111,R,W,-84.1503670749803
111,R,Y,-97.68260398316994
112,F,A,-96.03201054177384
112,F,C,-97.9573556761016
112,F,D,-77.45236118587093
112,F,E,-95.7683928162075
112,F,G,-99.1690848085808
112,F,H,-85.69655279629455
112,F,I,-92.4419771283637
112,F,K,-97.36850363277767
112,F,L,-100.98195832685008
112,F,M,-88.81042417580579
112,F,N,-97.07245214953747
112,F,P,-96.78304152396004
112,F,Q,-99.67965101869981
112,F,R,-102.69053574296652
112,F,S,-94.51542566591473
112,F,T,-82.66817611201674
112,F,V,-106.63911326989643
112,F,W,-100.1674316452681
112,F,Y,-99.15622386232747
